    CreateDynamicObject(2773,1007.34765625,2404.32519531,10.18910313,0.00000000,0.00000000,0.00000000); //
    CreateDynamicObject(2773,1007.35314941,2406.23120117,10.18910313,0.00000000,0.00000000,0.00000000); //
    CreateDynamicObject(2773,1007.36022949,2408.15356445,10.18910313,0.00000000,0.00000000,0.00000000); //
    CreateDynamicObject(2773,1007.37243652,2410.08056641,10.18910313,0.00000000,0.00000000,0.00000000); //
    CreateDynamicObject(978,1012.55664062,2407.71191406,10.66053295,0.00000000,0.00000000,90.00000000); //
    CreateDynamicObject(978,1012.56304932,2417.01147461,10.66053295,0.00000000,0.00000000,90.00000000); //
    CreateDynamicObject(978,1002.49536133,2407.90332031,10.51209545,0.00000000,0.00000000,270.00000000); //
    CreateDynamicObject(978,1002.47772217,2417.28076172,10.51209545,0.00000000,0.00000000,270.00000000); //
    CreateDynamicObject(978,1012.59570312,2426.27148438,10.66053295,0.00000000,0.00000000,90.00000000); //
    CreateDynamicObject(978,1002.47857666,2426.42187500,10.51209545,0.00000000,0.00000000,270.00000000); //
    CreateDynamicObject(978,1072.64184570,2428.04199219,10.66053295,0.00000000,0.00000000,90.00000000); //
    CreateDynamicObject(978,1067.87426758,2423.33129883,10.66053295,0.00000000,0.00000000,0.00000000); //
    CreateDynamicObject(978,1072.65881348,2437.38110352,10.66053295,0.00000000,0.00000000,90.00000000); //
    CreateDynamicObject(978,1072.66040039,2446.73559570,10.66053295,0.00000000,0.00000000,90.00000000); //
    CreateDynamicObject(978,1058.56750488,2423.33325195,10.66053295,0.00000000,0.00000000,0.00000000); //
    CreateDynamicObject(978,1049.25744629,2423.32739258,10.66053295,0.00000000,0.00000000,0.00000000); //
    CreateDynamicObject(978,1040.03479004,2423.36059570,10.66053295,0.00000000,0.00000000,0.00000000); //
    CreateDynamicObject(978,1035.20373535,2428.11450195,10.66053295,0.00000000,0.00000000,272.00000000); //
    CreateDynamicObject(978,1034.85266113,2437.44555664,10.66053295,0.00000000,0.00000000,272.00000000); //
    CreateDynamicObject(978,1034.53356934,2446.81591797,10.66053295,0.00000000,0.00000000,272.00000000); //
    CreateDynamicObject(978,1072.52355957,2456.09838867,10.66053295,0.00000000,0.00000000,92.00000000); //
    CreateDynamicObject(978,1034.34802246,2456.14355469,10.66053295,0.00000000,0.00000000,270.00000000); //
    CreateDynamicObject(973,1067.48132324,2460.56567383,10.66053295,0.00000000,0.00000000,0.00000000); //
    CreateDynamicObject(973,1058.12707520,2460.57763672,10.66053295,0.00000000,0.00000000,0.00000000); //
    CreateDynamicObject(973,1048.76904297,2460.61083984,10.66053295,0.00000000,0.00000000,0.00000000); //
    CreateDynamicObject(3633,1007.34637451,1213.49462891,10.14667702,0.00000000,0.00000000,0.00000000); //
    CreateDynamicObject(3578,1001.82373047,1207.78076172,10.59834576,0.00000000,0.00000000,90.00000000); //
    CreateDynamicObject(3578,1013.03759766,1207.72412109,10.59834576,0.00000000,0.00000000,90.00000000); //
    CreateDynamicObject(3578,1001.85058594,1217.91992188,10.59834576,0.00000000,0.00000000,90.00000000); //
    CreateDynamicObject(3578,1013.05664062,1217.95507812,10.59834576,0.00000000,0.00000000,90.00000000); //
    CreateDynamicObject(3526,1013.03979492,1202.92749023,11.44801331,0.00000000,0.00000000,90.00000000); //
    CreateDynamicObject(3526,1013.05566406,1222.79980469,11.44801331,0.00000000,0.00000000,90.00000000); //
    CreateDynamicObject(3526,1001.79949951,1203.02014160,11.44801331,0.00000000,0.00000000,90.00000000); //
    CreateDynamicObject(3526,1001.88153076,1222.72497559,11.44801331,0.00000000,0.00000000,90.00000000); //
    CreateDynamicObject(3749,1007.47949219,2404.68164062,15.53028965,0.00000000,0.00000000,0.00000000); //
    CreateDynamicObject(3578,-2673.16821289,2145.65551758,55.20772171,0.00000000,0.00000000,0.00000000); //
    CreateDynamicObject(3578,-2680.61059570,2145.69213867,55.59053421,0.00000000,0.00000000,0.00000000); //
    CreateDynamicObject(3578,-2690.00341797,2145.66015625,55.20772171,0.00000000,0.00000000,0.00000000); //
    CreateDynamicObject(3633,-2681.40502930,2124.88476562,55.28730011,0.00000000,0.00000000,0.00000000); //
    CreateDynamicObject(3633,-2681.39648438,2124.89868164,56.23509979,0.00000000,0.00000000,0.00000000); //
    CreateDynamicObject(935,-2682.41894531,2124.18627930,55.37569427,0.00000000,0.00000000,0.00000000); //
    CreateDynamicObject(935,-2680.47900391,2124.41894531,55.37569427,0.00000000,0.00000000,0.00000000); //
    CreateDynamicObject(2773,-2681.42529297,2126.85522461,55.32972717,0.00000000,0.00000000,0.00000000); //
    CreateDynamicObject(2773,-2681.40405273,2128.78930664,55.32972717,0.00000000,0.00000000,0.00000000); //
    CreateDynamicObject(2773,-2428.96020508,-603.03582764,132.06898499,0.00000000,0.00000000,36.00000000); //
    CreateDynamicObject(2773,-2426.39062500,-601.15844727,132.07972717,0.00000000,0.00000000,35.99670410); //
    CreateDynamicObject(3578,-2779.73266602,-480.22146606,6.98418713,0.00000000,0.00000000,324.00000000); //
    CreateDynamicObject(3578,-2788.07055664,-474.13662720,6.96553326,0.00000000,0.00000000,323.99780273); //
    CreateDynamicObject(3578,-2790.57592773,-494.60177612,6.97166348,0.00000000,0.00000000,323.99780273); //
    CreateDynamicObject(3578,-2798.79638672,-488.62145996,6.96553326,0.00000000,0.00000000,323.99993896); //
    CreateDynamicObject(3578,-2795.31372070,-476.00177002,6.96981430,0.00000000,0.00000000,54.00000000); //
    CreateDynamicObject(3578,-2799.56201172,-481.85858154,6.96553326,0.00000000,0.00000000,54.00000000); //
    CreateDynamicObject(3633,-2780.92529297,-490.49816895,6.66367245,0.00000000,0.00000000,0.00000000); //
    CreateDynamicObject(3633,-2780.92480469,-490.50976562,7.61147499,0.00000000,0.00000000,0.00000000); //
    CreateDynamicObject(979,-2675.63818359,-410.70520020,31.96128464,0.00000000,0.00000000,244.00000000); //
    CreateDynamicObject(979,-2681.53955078,-426.50494385,31.46309471,0.00000000,4.00000000,262.00000000); //
    CreateDynamicObject(979,-2683.37573242,-442.89248657,29.91054726,0.00000000,0.00000000,270.00000000); //
    CreateDynamicObject(979,-2681.31494141,-460.91027832,27.47766876,0.00000000,8.00000000,280.00000000); //
    CreateDynamicObject(979,-2678.24829102,-475.52835083,24.91523552,0.00000000,12.00000000,282.00000000); //
    CreateDynamicObject(3463,-2421.44433594,-598.42816162,131.60762024,0.00000000,0.00000000,30.00000000); //
    CreateDynamicObject(3853,-2372.96362305,-602.19317627,134.98892212,0.00000000,0.00000000,0.00000000); //
    CreateDynamicObject(3853,-2398.05566406,-568.08190918,134.98344421,0.00000000,0.00000000,70.00000000); //
    CreateDynamicObject(3460,-2385.93750000,-609.12792969,135.97004700,0.00000000,0.00000000,33.99719238); //
    CreateDynamicObject(3460,-2408.63623047,-576.93481445,135.97012329,0.00000000,0.00000000,216.00000000); //
    CreateDynamicObject(1231,-2433.32421875,-605.94921875,134.32273865,0.00000000,0.00000000,0.00000000); //
    CreateDynamicObject(2773,1271.14050293,-2054.81958008,58.64591980,0.00000000,0.00000000,268.00000000); //
    CreateDynamicObject(2773,1271.10253906,-2057.58105469,58.64495087,0.00000000,0.00000000,270.00000000); //
    CreateDynamicObject(3578,1436.37500000,-1868.06542969,13.16084576,0.00000000,0.00000000,91.99951172); //
    CreateDynamicObject(3578,1430.67675781,-1863.31005859,13.32490826,0.00000000,0.00000000,0.00000000); //
    CreateDynamicObject(3578,1420.45666504,-1863.29040527,13.32490826,0.00000000,0.00000000,0.00000000); //
    CreateDynamicObject(3578,1416.06616211,-1868.73962402,13.16084576,0.00000000,0.00000000,92.00000000); //
    CreateDynamicObject(3633,1426.41125488,-1882.08923340,12.85761452,0.00000000,0.00000000,0.00000000); //
    CreateDynamicObject(987,-445.64419556,1421.53857422,32.23488998,0.00000000,0.00000000,14.00000000); //
    CreateDynamicObject(987,-436.86761475,1423.79858398,32.23488998,0.00000000,0.00000000,14.00000000); //
    CreateDynamicObject(979,-441.27426147,1423.41308594,32.73219299,0.00000000,0.00000000,14.00000000); //
    CreateDynamicObject(979,-432.27105713,1425.78527832,32.81234741,0.00000000,0.00000000,13.99658203); //
    CreateDynamicObject(978,-415.87030029,1780.60168457,71.34682465,0.00000000,4.00000000,78.00000000); //
    CreateDynamicObject(978,-420.97570801,1766.43164062,71.95663452,0.00000000,0.00000000,49.99694824); //
    CreateDynamicObject(978,-432.13421631,1756.39514160,72.11421204,0.00000000,0.00000000,28.00000000); //
    CreateDynamicObject(978,-444.89111328,1751.87353516,72.15658569,0.00000000,0.00000000,6.00000000); //
    CreateDynamicObject(978,-460.01510620,1754.21923828,72.28953552,0.00000000,0.00000000,334.00000000); //
    CreateDynamicObject(1237,-451.70501709,1750.78759766,71.36286926,0.00000000,0.00000000,0.00000000); //
    CreateDynamicObject(1237,-454.26062012,1751.27380371,71.35576630,0.00000000,0.00000000,0.00000000); //
    CreateDynamicObject(1237,-437.11865234,1753.41101074,71.31358337,0.00000000,0.00000000,0.00000000); //
    CreateDynamicObject(1237,-438.99179077,1752.52685547,71.31409454,0.00000000,0.00000000,0.00000000); //
    CreateDynamicObject(1237,-424.63378906,1761.55957031,71.22051239,0.00000000,0.00000000,0.00000000); //
    CreateDynamicObject(1237,-426.52923584,1759.61389160,71.24536896,0.00000000,0.00000000,0.00000000); //
    CreateDynamicObject(1237,-416.90600586,1774.22827148,70.85240173,0.00000000,0.00000000,0.00000000); //
    CreateDynamicObject(1237,-417.66281128,1771.34790039,70.98337555,0.00000000,0.00000000,0.00000000); //
    CreateDynamicObject(997,-300.11676025,1510.61779785,74.35937500,0.00000000,0.00000000,272.00000000); //
    CreateDynamicObject(997,-305.04638672,1510.66210938,74.35937500,0.00000000,0.00000000,272.00000000); //
    CreateDynamicObject(979,-371.31146240,2066.34106445,60.60394669,0.00000000,0.00000000,98.00000000); //
    CreateDynamicObject(979,-375.88861084,2077.31127930,60.50341415,0.00000000,0.00000000,126.00000000); //
    CreateDynamicObject(979,-383.73876953,2085.05883789,60.83871841,0.00000000,0.00000000,146.00000000); //
    CreateDynamicObject(979,-394.10986328,2088.75195312,61.25992966,0.00000000,358.00000000,168.00000000); //
    CreateDynamicObject(979,-405.26367188,2087.74365234,61.63759995,0.00000000,0.00000000,197.99740601); //
    CreateDynamicObject(1237,-373.10708618,2072.48266602,59.52006149,0.00000000,0.00000000,0.00000000); //
    CreateDynamicObject(1237,-379.37591553,2082.10571289,59.79435349,0.00000000,0.00000000,0.00000000); //
    CreateDynamicObject(1237,-388.95507812,2087.91186523,60.22735596,0.00000000,0.00000000,0.00000000); //
    CreateDynamicObject(1237,-400.15182495,2089.57202148,60.69911957,0.00000000,0.00000000,0.00000000); //
    CreateDynamicObject(16113,-356.48651123,2090.73266602,52.76148987,0.00000000,0.00000000,162.00000000); //
    CreateDynamicObject(16114,-262.12890625,1446.86425781,72.51003265,0.00000000,0.00000000,189.99755859); //
    CreateDynamicObject(16118,-239.30175781,1491.63085938,73.31250000,0.00000000,0.00000000,13.99658203); //
    CreateDynamicObject(7916,-254.60742188,1504.12695312,78.40125275,0.00000000,0.00000000,277.99804688); //
    CreateDynamicObject(7916,-276.20410156,1467.42675781,77.03622437,0.00000000,0.00000000,249.99938965); //
    CreateDynamicObject(9831,-256.15625000,1493.41210938,77.99916077,0.00000000,0.00000000,0.00000000); //
    CreateDynamicObject(7916,-376.14355469,2099.67871094,63.88431168,0.00000000,0.00000000,301.99768066); //
    CreateDynamicObject(8171,-436.67590332,1316.31250000,21.71461868,19.88580322,353.61810303,302.17889404); //
    CreateDynamicObject(16113,-392.31164551,1295.16394043,24.55381393,0.00000000,0.00000000,72.00000000); //
    CreateDynamicObject(16113,-433.83053589,1274.14929199,24.32139587,0.00000000,0.00000000,54.00000000); //
    CreateDynamicObject(16116,-474.23437500,1298.33593750,22.03579712,0.00000000,0.00000000,0.00000000); //
    CreateDynamicObject(16118,-418.22167969,1363.70996094,28.67996216,0.00000000,0.00000000,285.99609375); //
    CreateDynamicObject(16118,-466.19851685,1353.69506836,20.94195557,0.00000000,0.00000000,160.00000000); //
    CreateDynamicObject(16121,-433.37872314,1373.59350586,23.50592422,18.00000000,0.00000000,276.00000000); //
    CreateDynamicObject(7916,-429.35449219,1294.18261719,28.28092575,0.00000000,0.00000000,165.99792480); //
    CreateDynamicObject(7916,-446.76367188,1352.85449219,29.29184723,0.00000000,353.99597168,1.99951172); //
    CreateDynamicObject(615,-427.99331665,1298.06347656,24.81108856,0.00000000,0.00000000,0.00000000); //
    CreateDynamicObject(619,-420.93405151,1351.73999023,28.35905075,0.00000000,0.00000000,0.00000000); //
    CreateDynamicObject(620,-457.18133545,1346.02575684,22.98577881,0.00000000,0.00000000,0.00000000); //
    CreateDynamicObject(623,-416.15625000,1302.70385742,25.30630302,0.00000000,0.00000000,0.00000000); //
    CreateDynamicObject(654,-389.90396118,1368.67871094,43.80934143,0.00000000,0.00000000,0.00000000); //
    CreateDynamicObject(654,-370.83694458,1335.16638184,47.47320557,0.00000000,0.00000000,0.00000000); //
    CreateDynamicObject(669,-431.88183594,1339.13769531,27.09005737,0.00000000,0.00000000,0.00000000); //
    CreateDynamicObject(13749,-458.24270630,1311.29492188,30.66998291,0.00000000,0.00000000,172.00000000); //
    CreateDynamicObject(978,-295.22802734,1494.89721680,75.58707428,0.00000000,0.00000000,94.00000000); //
    CreateDynamicObject(978,-294.06729126,1481.18518066,75.28683472,0.00000000,358.00000000,95.99853516); //
    CreateDynamicObject(978,-292.92596436,1468.44335938,74.57754517,0.00000000,358.00000000,95.99853516); //
    CreateDynamicObject(978,-291.62326050,1453.77685547,73.80644989,0.00000000,358.00000000,95.99853516); //
    CreateDynamicObject(978,-307.50817871,1494.43054199,75.47107697,0.00000000,0.00000000,274.00000000); //
    CreateDynamicObject(978,-306.17926025,1480.81396484,75.19870758,0.00000000,4.00000000,273.99902344); //
    CreateDynamicObject(978,-304.92968750,1467.18835449,74.44567108,0.00000000,4.00000000,273.99902344); //
    CreateDynamicObject(978,-303.68908691,1452.93823242,73.68436432,0.00000000,4.00000000,273.99902344); //
    CreateDynamicObject(617,-363.75585938,1450.62683105,62.40471649,0.00000000,0.00000000,0.00000000); //
    CreateDynamicObject(1232,-368.21844482,1448.06127930,63.51330948,0.00000000,0.00000000,0.00000000); //
    CreateDynamicObject(1232,-355.72515869,1451.70202637,66.97391510,0.00000000,0.00000000,0.00000000); //
    CreateDynamicObject(978,-352.28350830,1323.40734863,50.63497162,0.00000000,0.00000000,305.99987793); //
    CreateDynamicObject(978,-337.77838135,1311.10888672,51.73312759,0.00000000,0.00000000,337.99877930); //
    CreateDynamicObject(978,-321.89785767,1312.10083008,52.78914261,0.00000000,0.00000000,28.00000000); //
    CreateDynamicObject(978,-313.98651123,1325.86987305,53.74356079,0.00000000,0.00000000,84.00000000); //
    CreateDynamicObject(978,-317.42697144,1342.28356934,54.40557098,0.00000000,0.00000000,113.99996948); //
    CreateDynamicObject(1237,-314.89538574,1336.47583008,53.35460663,0.00000000,0.00000000,0.00000000); //
    CreateDynamicObject(1237,-314.09420776,1331.98742676,53.17646790,0.00000000,0.00000000,0.00000000); //
    CreateDynamicObject(1237,-315.21505737,1319.52038574,52.58519745,0.00000000,0.00000000,0.00000000); //
    CreateDynamicObject(1237,-317.41232300,1315.29663086,52.33606339,0.00000000,0.00000000,0.00000000); //
    CreateDynamicObject(1237,-327.41473389,1309.72070312,51.56461334,0.00000000,0.00000000,0.00000000); //
    CreateDynamicObject(1237,-331.66482544,1309.57788086,51.29198456,0.00000000,0.00000000,0.00000000); //
    CreateDynamicObject(1237,-343.57205200,1313.84594727,50.54930115,0.00000000,0.00000000,0.00000000); //
    CreateDynamicObject(1237,-347.93457031,1317.90905762,50.26479721,0.00000000,0.00000000,0.00000000); //
    CreateDynamicObject(1237,-355.84558105,1328.01489258,49.38126373,0.00000000,0.00000000,0.00000000); //
    CreateDynamicObject(1237,-356.98577881,1329.72094727,49.22123718,0.00000000,0.00000000,0.00000000); //
    CreateDynamicObject(1232,-314.19699097,1334.01660156,55.90634918,0.00000000,0.00000000,0.00000000); //
    CreateDynamicObject(1232,-316.32678223,1317.43566895,55.09548950,0.00000000,0.00000000,0.00000000); //
    CreateDynamicObject(1232,-329.83511353,1309.76904297,54.02022552,0.00000000,0.00000000,0.00000000); //
    CreateDynamicObject(1232,-346.02038574,1316.19055176,53.01946640,0.00000000,0.00000000,0.00000000); //
    CreateDynamicObject(1232,-356.29690552,1328.92126465,51.92692184,0.00000000,0.00000000,0.00000000); //
    CreateDynamicObject(1232,-386.68557739,1369.65356445,46.75375748,0.00000000,0.00000000,0.00000000); //
    CreateDynamicObject(1232,-368.50949097,1336.82495117,50.67821503,0.00000000,0.00000000,0.00000000); //
    CreateDynamicObject(1232,-458.22308350,1344.28479004,25.26970100,0.00000000,0.00000000,0.00000000); //
    CreateDynamicObject(1232,-453.98464966,1306.84667969,25.44230270,0.00000000,0.00000000,0.00000000); //
    CreateDynamicObject(1232,-465.51806641,1321.24743652,25.55501938,0.00000000,0.00000000,0.00000000); //
    CreateDynamicObject(978,-381.99795532,1436.67053223,60.71551895,0.00000000,2.00000000,294.00000000); //
    CreateDynamicObject(978,-384.86825562,1455.63623047,61.29522324,0.00000000,0.00000000,249.99963379); //
    CreateDynamicObject(978,-374.83663940,1467.80456543,62.25714874,0.00000000,4.00000000,207.99938965); //
    CreateDynamicObject(978,-358.05908203,1470.62280273,63.68864441,0.00000000,3.99902344,173.99871826); //
    CreateDynamicObject(978,-343.00195312,1459.90527344,64.80738831,0.00000000,3.99902344,123.99719238); //
    CreateDynamicObject(1237,-384.37127686,1443.18603516,60.14584732,0.00000000,0.00000000,0.00000000); //
    CreateDynamicObject(1237,-385.76626587,1449.02709961,60.32125854,0.00000000,0.00000000,0.00000000); //
    CreateDynamicObject(1237,-382.55291748,1461.90966797,60.72829819,0.00000000,0.00000000,0.00000000); //
    CreateDynamicObject(1237,-379.79513550,1464.82775879,60.95731354,0.00000000,0.00000000,0.00000000); //
    CreateDynamicObject(1237,-368.72946167,1470.54077148,62.05350113,0.00000000,0.00000000,0.00000000); //
    CreateDynamicObject(1237,-363.66333008,1471.23449707,62.49418259,0.00000000,0.00000000,0.00000000); //
    CreateDynamicObject(1237,-351.00689697,1468.78051758,63.22199249,0.00000000,0.00000000,0.00000000); //
    CreateDynamicObject(1237,-346.26135254,1465.13000488,63.50796509,0.00000000,0.00000000,0.00000000); //
    CreateDynamicObject(1237,-339.28662109,1455.00341797,64.56571198,0.00000000,0.00000000,0.00000000); //
    CreateDynamicObject(1237,-336.66317749,1450.24768066,65.10252380,0.00000000,0.00000000,0.00000000); //
    CreateDynamicObject(1232,-338.15774536,1452.50378418,67.44149780,0.00000000,0.00000000,0.00000000); //
    CreateDynamicObject(1232,-348.97158813,1467.01989746,65.97612762,0.00000000,0.00000000,0.00000000); //
    CreateDynamicObject(1232,-366.10879517,1470.80712891,64.91496277,0.00000000,0.00000000,0.00000000); //
    CreateDynamicObject(1232,-381.16662598,1463.64746094,63.46200562,0.00000000,0.00000000,0.00000000); //
    CreateDynamicObject(1232,-385.16876221,1445.82690430,62.87404633,0.00000000,0.00000000,0.00000000); //
    CreateDynamicObject(1232,-379.33468628,1430.09729004,62.14128113,0.00000000,0.00000000,0.00000000); //
    CreateDynamicObject(1237,-380.00402832,1431.29003906,59.58460236,0.00000000,0.00000000,0.00000000); //
    CreateDynamicObject(1237,-378.89251709,1428.72949219,59.44214630,0.00000000,0.00000000,0.00000000); //
    CreateDynamicObject(1263,-302.13955688,1507.09667969,83.42298126,0.00000000,0.00000000,269.99996948); //
    CreateDynamicObject(3666,-289.82077026,1507.90124512,84.95388031,0.00000000,0.00000000,0.00000000); //
    CreateDynamicObject(3666,-313.91146851,1506.98449707,84.95350647,0.00000000,0.00000000,0.00000000); //
    CreateDynamicObject(1237,-294.35852051,1487.97705078,74.77168274,0.00000000,0.00000000,0.00000000); //
    CreateDynamicObject(1237,-293.17745972,1474.76318359,74.11729431,0.00000000,0.00000000,0.00000000); //
    CreateDynamicObject(1237,-291.92028809,1461.24133301,73.37764740,0.00000000,0.00000000,0.00000000); //
    CreateDynamicObject(1237,-290.84197998,1448.03393555,72.69514465,0.00000000,0.00000000,0.00000000); //
    CreateDynamicObject(1237,-303.51934814,1447.05944824,72.56649780,0.00000000,0.00000000,0.00000000); //
    CreateDynamicObject(1237,-304.61569214,1460.14282227,73.24168396,0.00000000,0.00000000,0.00000000); //
    CreateDynamicObject(1237,-305.91201782,1474.25122070,74.01881409,0.00000000,0.00000000,0.00000000); //
    CreateDynamicObject(1237,-307.27734375,1487.68164062,74.65779114,0.00000000,0.00000000,0.00000000); //
    CreateDynamicObject(1237,-308.36331177,1499.71520996,74.61170959,0.00000000,0.00000000,0.00000000); //
    CreateDynamicObject(1237,-295.42495728,1500.23510742,74.75921631,0.00000000,0.00000000,0.00000000); //
    CreateDynamicObject(664,-313.34234619,1497.50769043,74.97600555,0.00000000,0.00000000,0.00000000); //
    CreateDynamicObject(664,-310.70376587,1465.33679199,73.75100708,0.00000000,0.00000000,0.00000000); //
    CreateDynamicObject(664,-308.90301514,1431.98059082,71.54431915,0.00000000,0.00000000,0.00000000); //
    CreateDynamicObject(664,-286.61297607,1433.25708008,72.28585052,0.00000000,0.00000000,0.00000000); //
    CreateDynamicObject(664,-288.89236450,1467.45581055,74.03324890,0.00000000,0.00000000,0.00000000); //
    CreateDynamicObject(664,-290.24276733,1497.23986816,75.14813232,0.00000000,0.00000000,0.00000000); //
    CreateDynamicObject(1232,-308.32934570,1499.63208008,78.50179291,0.00000000,0.00000000,0.00000000); //
    CreateDynamicObject(1232,-307.15902710,1487.69433594,78.54147339,0.00000000,0.00000000,0.00000000); //
    CreateDynamicObject(1232,-305.78552246,1474.22973633,77.89921570,0.00000000,0.00000000,0.00000000); //
    CreateDynamicObject(1232,-304.44149780,1460.16235352,77.10358429,0.00000000,0.00000000,0.00000000); //
    CreateDynamicObject(1232,-303.44207764,1447.08569336,76.45971680,0.00000000,0.00000000,0.00000000); //
    CreateDynamicObject(1232,-290.85400391,1448.03698730,76.59574890,0.00000000,0.00000000,0.00000000); //
    CreateDynamicObject(1232,-291.99078369,1461.20056152,77.26924896,0.00000000,0.00000000,0.00000000); //
    CreateDynamicObject(1232,-293.31317139,1474.74182129,77.99263000,0.00000000,0.00000000,0.00000000); //
    CreateDynamicObject(1232,-294.41412354,1488.01440430,78.66686249,0.00000000,0.00000000,0.00000000); //
    CreateDynamicObject(1232,-295.57015991,1500.18518066,78.62785339,0.00000000,0.00000000,0.00000000); //
    CreateDynamicObject(1238,-342.25973511,1331.00427246,50.18603134,0.00000000,0.00000000,0.00000000); //
    CreateDynamicObject(656,-332.43484497,1328.90698242,52.60828018,0.00000000,0.00000000,0.00000000); //
    CreateDynamicObject(1232,-336.57824707,1328.36840820,53.96620941,0.00000000,0.00000000,0.00000000); //
    CreateDynamicObject(1232,-328.58966064,1330.23400879,55.66307068,0.00000000,0.00000000,0.00000000); //
    CreateDynamicObject(1238,-404.21093750,2070.54785156,61.17585373,0.00000000,0.00000000,0.00000000); //
    CreateDynamicObject(654,-395.53353882,2063.57324219,61.39812088,0.00000000,0.00000000,0.00000000); //
    CreateDynamicObject(1232,-400.04785156,2069.12890625,63.73812103,0.00000000,0.00000000,0.00000000); //
    CreateDynamicObject(1232,-391.20172119,2059.51049805,63.79496002,0.00000000,0.00000000,0.00000000); //
    CreateDynamicObject(1232,-373.20867920,2072.34716797,63.38104630,0.00000000,0.00000000,0.00000000); //
    CreateDynamicObject(1232,-379.40005493,2082.17675781,63.68850708,0.00000000,0.00000000,0.00000000); //
    CreateDynamicObject(1232,-389.01708984,2087.80566406,64.10756683,0.00000000,0.00000000,0.00000000); //
    CreateDynamicObject(1232,-400.16720581,2089.40722656,64.56263733,0.00000000,0.00000000,0.00000000); //
    CreateDynamicObject(1232,-410.67190552,2085.78320312,64.78749084,0.00000000,0.00000000,0.00000000); //
    CreateDynamicObject(1237,-410.59487915,2085.93261719,60.92578506,0.00000000,0.00000000,0.00000000); //
    CreateDynamicObject(979,-472.34179688,1913.93920898,85.13095856,0.00000000,356.00000000,100.00000000); //
    CreateDynamicObject(979,-474.11141968,1930.08361816,85.91194153,0.00000000,0.00000000,91.99755859); //
    CreateDynamicObject(979,-470.19927979,1949.86279297,84.90023804,0.00000000,6.00000000,61.99401855); //
    CreateDynamicObject(979,-460.55960083,1964.67871094,82.19477081,0.00000000,6.00000000,51.99035645); //
    CreateDynamicObject(1237,-464.86199951,1958.68383789,82.57189941,0.00000000,0.00000000,0.00000000); //
    CreateDynamicObject(1237,-467.38385010,1954.86987305,83.28208160,0.00000000,0.00000000,0.00000000); //
    CreateDynamicObject(1237,-472.69946289,1943.26379395,85.02510071,0.00000000,0.00000000,0.00000000); //
    CreateDynamicObject(1237,-473.87600708,1937.17712402,85.22647858,0.00000000,0.00000000,0.00000000); //
    CreateDynamicObject(1237,-473.39743042,1923.93530273,84.83541870,0.00000000,0.00000000,0.00000000); //
    CreateDynamicObject(1237,-473.34750366,1919.90563965,84.64601135,0.00000000,0.00000000,0.00000000); //
    CreateDynamicObject(1237,-470.94760132,1908.60229492,84.01373291,0.00000000,0.00000000,0.00000000); //
    CreateDynamicObject(1237,-470.49771118,1906.19201660,83.87185669,0.00000000,0.00000000,0.00000000); //
    CreateDynamicObject(1237,-457.06463623,1969.21374512,80.41003418,0.00000000,0.00000000,0.00000000); //
    CreateDynamicObject(1237,-454.22348022,1971.70837402,79.81714630,0.00000000,0.00000000,0.00000000); //
    CreateDynamicObject(1232,-455.78497314,1970.34265137,82.77842712,0.00000000,0.00000000,0.00000000); //
    CreateDynamicObject(1232,-466.34912109,1956.84521484,85.58043671,0.00000000,0.00000000,0.00000000); //
    CreateDynamicObject(1232,-473.48181152,1940.21740723,87.74617004,0.00000000,0.00000000,0.00000000); //
    CreateDynamicObject(1232,-473.18145752,1921.92395020,87.39440155,0.00000000,0.00000000,0.00000000); //
    CreateDynamicObject(1232,-470.95040894,1907.25610352,86.54714203,0.00000000,0.00000000,0.00000000); //
    CreateDynamicObject(1231,-529.89965820,1989.07385254,62.12101746,0.00000000,0.00000000,54.00000000); //
    CreateDynamicObject(1232,-417.37399292,1772.88671875,73.54506683,0.00000000,0.00000000,0.00000000); //
    CreateDynamicObject(1232,-425.73236084,1760.56445312,73.86479950,0.00000000,0.00000000,0.00000000); //
    CreateDynamicObject(1232,-438.20550537,1752.70117188,73.96411133,0.00000000,0.00000000,0.00000000); //
    CreateDynamicObject(1232,-453.20608521,1750.90234375,73.98011017,0.00000000,0.00000000,0.00000000); //
    CreateDynamicObject(1237,-465.45831299,1756.78198242,71.54714966,0.00000000,0.00000000,0.00000000); //
    CreateDynamicObject(1237,-467.26422119,1757.94982910,71.59340668,0.00000000,0.00000000,0.00000000); //
    CreateDynamicObject(1237,-415.35699463,1786.00805664,70.18717194,0.00000000,0.00000000,0.00000000); //
    CreateDynamicObject(1237,-415.32046509,1788.43334961,69.97676086,0.00000000,0.00000000,0.00000000); //
    CreateDynamicObject(1232,-415.31842041,1787.27709961,72.71437073,0.00000000,0.00000000,0.00000000); //
    CreateDynamicObject(1232,-466.41674805,1757.43835449,74.17603302,0.00000000,0.00000000,0.00000000); //
    CreateDynamicObject(978,-439.75128174,1883.80822754,60.67222977,0.00000000,354.00000000,272.00000000); //
    CreateDynamicObject(978,-439.27767944,1900.34350586,58.66947937,0.00000000,356.00000000,259.99951172); //
    CreateDynamicObject(978,-432.98059082,1915.87426758,57.31619644,0.00000000,0.00000000,231.99700928); //
    CreateDynamicObject(978,-418.21517944,1924.87194824,57.20868301,0.00000000,0.00000000,185.99273682); //
    CreateDynamicObject(978,-401.71575928,1921.79931641,57.84190750,0.00000000,0.00000000,153.99206543); //
    CreateDynamicObject(978,-391.14739990,1913.11791992,57.88338470,0.00000000,0.00000000,125.98986816); //
    CreateDynamicObject(978,-386.12231445,1899.85363770,57.10027695,0.00000000,356.00000000,95.98571777); //
    CreateDynamicObject(1237,-440.08267212,1890.02307129,59.04184723,0.00000000,0.00000000,0.00000000); //
    CreateDynamicObject(1237,-440.26876831,1893.98254395,58.53514481,0.00000000,0.00000000,0.00000000); //
    CreateDynamicObject(1237,-438.39022827,1907.27062988,57.18265533,0.00000000,0.00000000,0.00000000); //
    CreateDynamicObject(1237,-436.68362427,1911.70532227,56.74568939,0.00000000,0.00000000,0.00000000); //
    CreateDynamicObject(1237,-429.03741455,1921.39746094,56.29067993,0.00000000,0.00000000,0.00000000); //
    CreateDynamicObject(1237,-423.77780151,1923.29919434,56.35216522,0.00000000,0.00000000,0.00000000); //
    CreateDynamicObject(1237,-412.17376709,1925.25683594,56.70831299,0.00000000,0.00000000,0.00000000); //
    CreateDynamicObject(1237,-407.58300781,1924.71582031,56.86326599,0.00000000,0.00000000,0.00000000); //
    CreateDynamicObject(1237,-396.71582031,1919.67187500,57.20552063,0.00000000,0.00000000,0.00000000); //
    CreateDynamicObject(1237,-394.30059814,1917.61755371,57.20474243,0.00000000,0.00000000,0.00000000); //
    CreateDynamicObject(1237,-387.60253906,1908.89550781,56.95343018,0.00000000,0.00000000,0.00000000); //
    CreateDynamicObject(1237,-386.48892212,1905.73999023,56.76626205,0.00000000,0.00000000,0.00000000); //
    CreateDynamicObject(1237,-385.08007812,1893.62597656,55.81037903,0.00000000,0.00000000,0.00000000); //
    CreateDynamicObject(1237,-384.96911621,1891.09472656,55.53971863,0.00000000,0.00000000,0.00000000); //
    CreateDynamicObject(1237,-439.83593750,1878.35253906,60.56079865,0.00000000,0.00000000,0.00000000); //
    CreateDynamicObject(1237,-439.62469482,1875.12463379,60.93406677,0.00000000,0.00000000,0.00000000); //
    CreateDynamicObject(1232,-439.62994385,1876.79943848,63.36423111,0.00000000,0.00000000,0.00000000); //
    CreateDynamicObject(1232,-440.21670532,1892.16235352,61.40913391,0.00000000,0.00000000,0.00000000); //
    CreateDynamicObject(1232,-437.67858887,1909.23193359,59.55861664,0.00000000,0.00000000,0.00000000); //
    CreateDynamicObject(1232,-426.20703125,1922.61877441,58.97921371,0.00000000,0.00000000,0.00000000); //
    CreateDynamicObject(1232,-409.44708252,1924.84338379,59.42228699,0.00000000,0.00000000,0.00000000); //
    CreateDynamicObject(1232,-395.38757324,1918.56079102,59.83696365,0.00000000,0.00000000,0.00000000); //
    CreateDynamicObject(1232,-386.83645630,1907.11914062,59.48744583,0.00000000,0.00000000,0.00000000); //
    CreateDynamicObject(1232,-385.12307739,1892.35144043,58.30474854,0.00000000,0.00000000,0.00000000); //
    CreateDynamicObject(654,-412.68078613,1901.69873047,57.33041000,0.00000000,0.00000000,0.00000000); //
    CreateDynamicObject(1232,-404.29724121,1899.55712891,59.53449249,0.00000000,0.00000000,0.00000000); //
    CreateDynamicObject(1232,-419.35552979,1900.78051758,59.97031784,0.00000000,0.00000000,0.00000000); //
    CreateDynamicObject(1238,-429.39031982,1427.60327148,32.89720154,0.00000000,0.00000000,0.00000000); //
    CreateDynamicObject(1232,-415.02404785,1434.95458984,38.69066620,0.00000000,0.00000000,0.00000000); //
    CreateDynamicObject(1232,-426.08120728,1428.75708008,35.56371689,0.00000000,0.00000000,0.00000000); //
    CreateDynamicObject(655,-421.52136230,1435.08544922,34.16596603,0.00000000,0.00000000,0.00000000); //
    CreateDynamicObject(1238,-301.50115967,1415.88952637,71.64175415,0.00000000,0.00000000,0.00000000); //
    CreateDynamicObject(1232,-314.25546265,1410.35192871,72.70413208,0.00000000,0.00000000,0.00000000); //
    CreateDynamicObject(1232,-304.59738159,1408.85144043,74.13748932,0.00000000,0.00000000,0.00000000); //
    CreateDynamicObject(654,-308.86996460,1408.53820801,71.09422302,0.00000000,0.00000000,0.00000000); //
    CreateDynamicObject(973,-348.47503662,1511.39685059,75.40271759,0.00000000,0.00000000,0.00000000); //
    CreateDynamicObject(973,-339.16894531,1511.37731934,75.40271759,0.00000000,0.00000000,0.00000000); //
    CreateDynamicObject(973,-329.85397339,1511.35668945,75.40271759,0.00000000,0.00000000,0.00000000); //
    CreateDynamicObject(973,-320.49249268,1511.36083984,75.40271759,0.00000000,0.00000000,0.00000000); //
    CreateDynamicObject(973,-316.51422119,1511.34521484,75.40271759,0.00000000,0.00000000,0.00000000); //
    CreateDynamicObject(1232,-313.20596313,1511.33178711,78.50650024,0.00000000,0.00000000,0.00000000); //
    CreateDynamicObject(1232,-325.68191528,1511.35241699,78.50650024,0.00000000,0.00000000,0.00000000); //
    CreateDynamicObject(1237,-314.72689819,1511.35632324,75.86985779,0.00000000,0.00000000,0.00000000); //
    CreateDynamicObject(1237,-324.38064575,1511.31201172,75.86985779,0.00000000,0.00000000,0.00000000); //
    CreateDynamicObject(1237,-327.72250366,1511.27746582,75.86985779,0.00000000,0.00000000,0.00000000); //
    CreateDynamicObject(1237,-340.03085327,1511.30065918,75.86985779,0.00000000,0.00000000,0.00000000); //
    CreateDynamicObject(1237,-336.90515137,1511.47937012,75.86985779,0.00000000,0.00000000,0.00000000); //
    CreateDynamicObject(1237,-351.45877075,1511.29589844,75.86985779,0.00000000,0.00000000,0.00000000); //
    CreateDynamicObject(1232,-352.65118408,1511.53662109,78.50650024,0.00000000,0.00000000,0.00000000); //
    CreateDynamicObject(3633,1002.50781250,1200.54406738,10.28730965,0.00000000,0.00000000,0.00000000); //
    CreateDynamicObject(3633,1006.09838867,1197.97302246,10.14667702,0.00000000,0.00000000,0.00000000); //
    CreateDynamicObject(3633,1010.00085449,1197.82885742,10.14667702,0.00000000,0.00000000,0.00000000); //
    CreateDynamicObject(3633,1013.03680420,1200.53015137,10.14667702,0.00000000,0.00000000,0.00000000); //
    CreateDynamicObject(1238,-428.07400513,1435.80529785,33.88238144,0.00000000,0.00000000,0.00000000); //
    CreateDynamicObject(1238,-423.05676270,1439.43750000,34.09737396,0.00000000,0.00000000,0.00000000); //
    CreateDynamicObject(1238,-417.20794678,1439.26513672,35.22849655,0.00000000,0.00000000,0.00000000); //
    CreateDynamicObject(1238,-412.23272705,1434.98107910,36.38109589,0.00000000,0.00000000,0.00000000); //
    CreateDynamicObject(1238,-336.36572266,1324.40808105,50.85019302,0.00000000,0.00000000,0.00000000); //
    CreateDynamicObject(1238,-329.10144043,1322.53344727,52.02173233,0.00000000,0.00000000,0.00000000); //
    CreateDynamicObject(1238,-326.05145264,1326.41333008,53.02208328,0.00000000,0.00000000,0.00000000); //
    CreateDynamicObject(1238,-326.83190918,1332.37768555,53.46693802,0.00000000,0.00000000,0.00000000); //
    CreateDynamicObject(1238,-350.87545776,1447.77978516,65.13314056,0.00000000,0.00000000,0.00000000); //
    CreateDynamicObject(1238,-357.81738281,1456.75280762,63.63871765,0.00000000,0.00000000,0.00000000); //
    CreateDynamicObject(1238,-365.99737549,1457.43066406,62.56449509,0.00000000,0.00000000,0.00000000); //
    CreateDynamicObject(1238,-371.62838745,1453.94677734,61.23499680,0.00000000,0.00000000,0.00000000); //
    CreateDynamicObject(1238,-369.80029297,1439.71789551,60.25345612,0.00000000,0.00000000,0.00000000); //
    CreateDynamicObject(1238,-302.00842285,1406.73242188,71.59975433,0.00000000,0.00000000,0.00000000); //
    CreateDynamicObject(1238,-306.72714233,1401.72436523,71.61107635,0.00000000,0.00000000,0.00000000); //
    CreateDynamicObject(1238,-313.12835693,1404.72741699,70.79891968,0.00000000,0.00000000,0.00000000); //
    CreateDynamicObject(1238,-318.81872559,1414.02832031,69.61708832,0.00000000,0.00000000,0.00000000); //
    CreateDynamicObject(1232,-338.39654541,1511.40637207,78.50650024,0.00000000,0.00000000,0.00000000); //
    CreateDynamicObject(1238,-400.44824219,1900.29113770,57.06972885,0.00000000,0.00000000,0.00000000); //
    CreateDynamicObject(1238,-407.96691895,1909.24047852,57.48534775,0.00000000,0.00000000,0.00000000); //
    CreateDynamicObject(1238,-417.71063232,1909.56665039,57.11452866,0.00000000,0.00000000,0.00000000); //
    CreateDynamicObject(1238,-426.00973511,1896.75488281,58.72226715,0.00000000,0.00000000,0.00000000); //
    CreateDynamicObject(1238,-395.58248901,2073.40966797,61.07550430,0.00000000,0.00000000,0.00000000); //
    CreateDynamicObject(1238,-390.26840210,2070.67749023,60.82014465,0.00000000,0.00000000,0.00000000); //
    CreateDynamicObject(1238,-386.59304810,2063.04687500,60.83200455,0.00000000,0.00000000,0.00000000); //
    CreateDynamicObject(1238,-392.56652832,2053.80541992,61.94432068,0.00000000,0.00000000,0.00000000); //
    CreateDynamicObject(8171,-329.62179565,1527.04577637,74.35695648,0.00000000,0.00000000,90.00000000); //
    CreateDynamicObject(8171,-284.88842773,1541.30895996,74.35937500,0.00000000,0.00000000,46.00000000); //
    CreateDynamicObject(8670,-301.80310059,1503.89746094,80.40349579,0.00000000,0.00000000,92.00000000); //
    CreateDynamicObject(16116,-316.86526489,1453.02441406,62.06176758,0.00000000,0.00000000,160.00000000); //
    CreateDynamicObject(16118,-340.01077271,1416.57556152,54.92193222,0.00000000,342.00000000,16.00000000); //
    CreateDynamicObject(16133,-405.28448486,1401.08508301,31.19305038,0.00000000,0.00000000,18.00000000); //
    CreateDynamicObject(1238,-400.17944336,1892.32873535,56.10814285,0.00000000,0.00000000,0.00000000); //
    CreateDynamicObject(3578,-537.61419678,2007.04431152,59.96553421,0.00000000,0.00000000,52.00000000); //
    CreateDynamicObject(3578,-544.00177002,1998.88085938,59.91084671,0.00000000,0.00000000,51.99829102); //
    CreateDynamicObject(3578,-548.25720215,1993.49267578,59.96143723,0.00000000,0.00000000,51.99829102); //
    CreateDynamicObject(1696,-492.28921509,1995.30529785,60.19472885,0.00000000,0.00000000,310.00000000); //
    CreateDynamicObject(1237,-487.74392700,1994.78125000,59.18750000,0.00000000,0.00000000,0.00000000); //
    CreateDynamicObject(1237,-490.74011230,1992.14099121,59.18750000,0.00000000,0.00000000,0.00000000); //
    CreateDynamicObject(1237,-493.26840210,1990.21716309,59.18750000,0.00000000,0.00000000,0.00000000); //
    CreateDynamicObject(1237,-495.98736572,1988.48315430,59.18750000,0.00000000,0.00000000,0.00000000); //
    CreateDynamicObject(1237,-499.23251343,1986.76025391,59.18973541,0.00000000,0.00000000,0.00000000); //
    CreateDynamicObject(1237,-502.59219360,1985.58898926,59.19340897,0.00000000,0.00000000,0.00000000); //
    CreateDynamicObject(1237,-505.77548218,1984.89807129,59.19340897,0.00000000,0.00000000,0.00000000); //
    CreateDynamicObject(1237,-509.32315063,1984.01904297,59.18750000,0.00000000,0.00000000,0.00000000); //
    CreateDynamicObject(1237,-513.22174072,1983.62390137,59.27015686,0.00000000,0.00000000,0.00000000); //
    CreateDynamicObject(1237,-517.07336426,1984.14892578,59.39062500,0.00000000,0.00000000,0.00000000); //
    CreateDynamicObject(1237,-520.88159180,1985.02221680,59.39062500,0.00000000,0.00000000,0.00000000); //
    CreateDynamicObject(1237,-523.96124268,1986.46459961,59.39062500,0.00000000,0.00000000,0.00000000); //
    CreateDynamicObject(1237,-526.64172363,1987.90734863,59.39062500,0.00000000,0.00000000,0.00000000); //
    CreateDynamicObject(1237,-529.04742432,1989.18066406,59.39062500,0.00000000,0.00000000,0.00000000); //
    CreateDynamicObject(824,-525.51220703,2002.30004883,61.50944138,0.00000000,0.00000000,0.00000000); //
    CreateDynamicObject(824,-520.83703613,1999.16320801,61.50339127,0.00000000,0.00000000,0.00000000); //
    CreateDynamicObject(824,-516.03259277,1995.94799805,61.48188782,0.00000000,0.00000000,0.00000000); //
    CreateDynamicObject(824,-511.07174683,1993.85400391,61.46445465,0.00000000,0.00000000,0.00000000); //
    CreateDynamicObject(824,-505.89141846,1993.96679688,61.48012924,0.00000000,0.00000000,0.00000000); //
    CreateDynamicObject(824,-500.16687012,1996.18566895,61.49700546,0.00000000,0.00000000,0.00000000); //
    CreateDynamicObject(824,-541.04992676,1980.74938965,61.45856857,0.00000000,0.00000000,0.00000000); //
    CreateDynamicObject(824,-536.84777832,1977.70385742,61.52869034,0.00000000,0.00000000,0.00000000); //
    CreateDynamicObject(824,-532.50335693,1975.48229980,61.50682831,0.00000000,0.00000000,0.00000000); //
    CreateDynamicObject(824,-526.75921631,1973.94897461,61.49065018,0.00000000,0.00000000,0.00000000); //
    CreateDynamicObject(824,-521.18041992,1971.92456055,61.55200577,0.00000000,0.00000000,0.00000000); //
    CreateDynamicObject(824,-515.09686279,1971.39660645,61.59877396,0.00000000,0.00000000,0.00000000); //
    CreateDynamicObject(824,-509.73367310,1972.39697266,61.58734512,0.00000000,0.00000000,0.00000000); //
    CreateDynamicObject(824,-503.95529175,1975.13647461,61.52582169,0.00000000,0.00000000,0.00000000); //
    CreateDynamicObject(824,-498.16470337,1977.77832031,61.49435043,0.00000000,0.00000000,0.00000000); //
    CreateDynamicObject(824,-493.29812622,1982.05493164,61.34379578,0.00000000,0.00000000,0.00000000); //
    CreateDynamicObject(824,-488.66186523,1985.68115234,61.27652359,0.00000000,0.00000000,0.00000000); //
    CreateDynamicObject(3749,-376.56552124,1378.50659180,49.01917267,0.00000000,0.00000000,28.00000000); //
    CreateDynamicObject(3749,-378.33300781,1381.63208008,48.59989548,0.00000000,0.00000000,27.99865723); //
    CreateDynamicObject(3749,-380.17965698,1385.10473633,48.13919067,0.00000000,0.00000000,27.99865723); //
    CreateDynamicObject(3749,-381.97619629,1388.56372070,47.67729568,0.00000000,0.00000000,27.99865723); //
    CreateDynamicObject(3749,-383.70120239,1391.99169922,47.22055435,0.00000000,0.00000000,27.99865723); //
    CreateDynamicObject(3749,-385.36035156,1395.48059082,46.78165817,0.00000000,0.00000000,27.99865723); //
    CreateDynamicObject(3749,-387.31179810,1399.04675293,46.29065704,0.00000000,0.00000000,27.99865723); //
    CreateDynamicObject(3749,-389.12420654,1402.64709473,45.81333923,0.00000000,0.00000000,27.99865723); //
    CreateDynamicObject(3749,-390.88421631,1406.49511719,45.30524063,0.00000000,0.00000000,27.99865723); //
    CreateDynamicObject(3749,-392.81329346,1410.27966309,44.80598450,0.00000000,0.00000000,27.99865723); //
    CreateDynamicObject(3749,-394.52944946,1413.94042969,44.32048798,0.00000000,0.00000000,27.99865723); //
    CreateDynamicObject(3749,-396.46249390,1417.74621582,43.83317566,0.00000000,0.00000000,27.99865723); //
    CreateDynamicObject(3749,-398.25659180,1421.61608887,43.36136627,0.00000000,0.00000000,27.99865723); //
    CreateDynamicObject(3749,-400.13665771,1425.27575684,43.14260101,0.00000000,0.00000000,27.99865723); //
    CreateDynamicObject(3749,-402.04376221,1428.92077637,42.47118378,0.00000000,0.00000000,27.99865723); //
    CreateDynamicObject(3749,-403.95721436,1432.56994629,42.06977081,0.00000000,0.00000000,27.99865723); //
    CreateDynamicObject(3526,-374.92404175,1375.23779297,43.90526199,0.00000000,0.00000000,296.00000000); //
    CreateDynamicObject(3526,-379.24169922,1383.57824707,42.80437088,0.00000000,0.00000000,295.99914551); //
    CreateDynamicObject(3526,-386.27014160,1397.33752441,40.98895645,0.00000000,0.00000000,295.99914551); //
    CreateDynamicObject(3526,-391.74740601,1408.35131836,39.53732681,0.00000000,0.00000000,297.99914551); //
    CreateDynamicObject(3526,-399.07080078,1423.51843262,37.59438324,0.00000000,0.00000000,297.99865723); //
    CreateDynamicObject(3526,-404.39642334,1434.87536621,36.30440903,0.00000000,0.00000000,297.99865723); //
    CreateDynamicObject(7033,2325.93017578,1410.41638184,46.33408356,0.00000000,0.00000000,0.00000000); //
    CreateDynamicObject(8167,2300.74291992,1403.51025391,42.99527740,0.00000000,0.00000000,270.00000000); //
    CreateDynamicObject(8167,2308.16503906,1403.56066895,42.99527740,0.00000000,0.00000000,270.00000000); //
    CreateDynamicObject(8167,2341.52050781,1403.43920898,42.99527740,0.00000000,0.00000000,270.00000000); //
    CreateDynamicObject(8167,2348.94335938,1403.41394043,42.99527740,0.00000000,0.00000000,270.00000000); //
    CreateDynamicObject(8167,2351.84399414,1403.44836426,42.99527740,0.00000000,0.00000000,270.00000000); //
    CreateDynamicObject(7392,-404.91290283,1433.78564453,55.03141403,0.00000000,0.00000000,296.00000000); //
    CreateDynamicObject(5520,-307.90951538,1574.09631348,79.50410461,0.00000000,0.00000000,46.00000000); //
    CreateDynamicObject(7388,-303.37594604,1581.12145996,82.39472961,0.00000000,0.00000000,0.00000000); //
//Test Descida===
    CreateDynamicObject(1411,2300.10229492,1403.19982910,37.02485275,0.00000000,0.00000000,178.00000000); //
    CreateDynamicObject(1411,2305.13330078,1403.12109375,37.02485275,0.00000000,0.00000000,177.99499512); //
    CreateDynamicObject(1411,2310.36767578,1403.02819824,37.02485275,0.00000000,0.00000000,177.99499512); //
    CreateDynamicObject(1411,2315.38916016,1402.99023438,37.02485275,0.00000000,0.00000000,177.99499512); //
    CreateDynamicObject(1411,2314.66699219,1503.37402344,30.63269234,0.00000000,0.00000000,358.00000000); //
    CreateDynamicObject(1411,2309.32568359,1503.24279785,30.63269234,0.00000000,0.00000000,0.00000000); //
    CreateDynamicObject(1411,2304.04663086,1503.35424805,30.63269234,0.00000000,0.00000000,0.00000000); //
    CreateDynamicObject(1411,2300.79638672,1503.40014648,30.63269234,0.00000000,0.00000000,0.00000000); //
    CreateDynamicObject(1411,2300.14526367,1403.08386230,24.24048233,0.00000000,0.00000000,180.00000000); //
    CreateDynamicObject(1411,2305.40014648,1403.09973145,24.24048233,0.00000000,0.00000000,177.99499512); //
    CreateDynamicObject(1411,2310.63085938,1403.11596680,24.24048233,0.00000000,0.00000000,179.99499512); //
    CreateDynamicObject(1411,2314.10717773,1403.06726074,24.24048233,0.00000000,0.00000000,179.99499512); //
    CreateDynamicObject(1411,2314.59863281,1503.50476074,17.82800484,0.00000000,0.00000000,358.75000000); //
    CreateDynamicObject(1411,2309.29199219,1503.58410645,17.82800484,0.00000000,0.00000000,358.74755859); //
    CreateDynamicObject(1411,2303.98388672,1503.68017578,17.82800484,0.00000000,0.00000000,358.74755859); //
    CreateDynamicObject(1411,2300.64648438,1503.61425781,17.82800484,0.00000000,0.00000000,359.24755859); //
    CreateDynamicObject(4724,2284.80517578,1453.40991211,15.12140369,0.00000000,0.00000000,46.00000000); //
    CreateDynamicObject(4724,2268.72070312,1453.91113281,15.12140369,0.00000000,0.00000000,45.99975586); //
    CreateDynamicObject(8657,2281.93969727,1403.83789062,11.16835213,0.00000000,0.00000000,90.00000000); //
    CreateDynamicObject(8657,2273.92871094,1403.95532227,11.16835213,0.00000000,0.00000000,90.00000000); //
    CreateDynamicObject(987,2297.21386719,1404.02661133,12.35639381,0.00000000,0.00000000,180.00000000); //
    CreateDynamicObject(987,2285.21533203,1404.10693359,12.35639381,0.00000000,0.00000000,179.99450684); //
    CreateDynamicObject(987,2273.18701172,1404.03430176,12.35639381,0.00000000,0.00000000,179.99450684); //
    CreateDynamicObject(987,2270.17529297,1404.07849121,12.35639381,0.00000000,0.00000000,179.99450684); //
    CreateDynamicObject(987,2278.45996094,1403.89392090,12.35639381,0.00000000,0.00000000,179.99450684); //
    CreateDynamicObject(987,2289.22314453,1404.12963867,12.35639381,0.00000000,0.00000000,179.99450684); //
    CreateDynamicObject(987,2297.25830078,1403.92761230,12.35639381,0.00000000,0.00000000,179.99450684); //
    CreateDynamicObject(1250,2272.33813477,1457.84423828,18.12140274,0.00000000,0.00000000,0.00000000); //
    CreateDynamicObject(1250,2281.56054688,1457.52807617,18.12140274,0.00000000,0.00000000,0.00000000); //
    CreateDynamicObject(1250,2288.29028320,1457.50170898,18.12140274,0.00000000,0.00000000,0.00000000); //
    CreateDynamicObject(1250,2265.58154297,1458.13110352,18.12140274,0.00000000,0.00000000,0.00000000); //
    //======================Guerra TANK=========================================
    CreateDynamicObject(10766,-2842.12792969,3162.43798828,242.94470215,0.00000000,0.00000000,0.00000000); //
    CreateDynamicObject(10766,-2841.82885742,3301.63403320,241.81237793,0.00000000,0.00000000,0.00000000); //
    CreateDynamicObject(10766,-2841.82910156,3453.42822266,242.13616943,0.00000000,0.00000000,0.00000000); //
    CreateDynamicObject(10766,-2842.14379883,3606.00219727,242.64842224,0.00000000,0.00000000,0.00000000); //
    CreateDynamicObject(10766,-2771.59252930,3688.60424805,242.97332764,0.00000000,0.00000000,270.00000000); //
    CreateDynamicObject(10766,-2618.22607422,3688.59936523,242.70372009,0.00000000,0.00000000,270.00000000); //
    CreateDynamicObject(10766,-2465.80322266,3688.47900391,242.61059570,0.00000000,0.00000000,270.00000000); //
    CreateDynamicObject(10766,-2312.19628906,3688.52832031,242.59529114,0.00000000,0.00000000,270.00000000); //
    CreateDynamicObject(10766,-2228.93188477,3618.70727539,242.45831299,0.00000000,0.00000000,180.00000000); //
    CreateDynamicObject(10766,-2229.19628906,3465.08666992,242.15490723,0.00000000,0.00000000,179.99450684); //
    CreateDynamicObject(10766,-2229.22265625,3311.38574219,241.98805237,0.00000000,0.00000000,179.99450684); //
    CreateDynamicObject(10766,-2229.69018555,3158.06591797,241.82667542,0.00000000,0.00000000,179.99450684); //
    CreateDynamicObject(10766,-2300.47363281,3075.50219727,241.34611511,0.00000000,0.00000000,89.99450684); //
    CreateDynamicObject(10766,-2453.28515625,3075.51611328,241.31625366,0.00000000,0.00000000,89.99450684); //
    CreateDynamicObject(10766,-2607.29125977,3075.16552734,241.07380676,0.00000000,0.00000000,89.99450684); //
    CreateDynamicObject(10766,-2761.10815430,3075.00219727,240.84434509,0.00000000,0.00000000,89.99450684); //
    CreateDynamicObject(10766,-2842.31640625,3140.60375977,242.90118408,0.00000000,0.00000000,0.00000000); //
    CreateDynamicObject(8356,-2793.49560547,3566.33081055,215.58378601,0.00000000,0.00000000,0.00000000); //
    CreateDynamicObject(8356,-2753.49365234,3566.26367188,215.58914185,0.00000000,0.00000000,0.00000000); //
    CreateDynamicObject(8356,-2717.20410156,3566.23437500,215.41529846,0.00000000,0.00000000,0.00000000); //
    CreateDynamicObject(5004,-2553.68798828,3604.86376953,214.94532776,0.00000000,0.00000000,0.00000000); //
    CreateDynamicObject(5002,-2591.30175781,3498.42578125,215.00215149,0.00000000,0.00000000,0.00000000); //
    CreateDynamicObject(4867,-2363.50195312,3196.06738281,215.20648193,0.00000000,0.00000000,0.00000000); //
    CreateDynamicObject(4865,-2628.32910156,3153.59179688,215.20648193,0.00000000,0.00000000,0.00000000); //
    CreateDynamicObject(5004,-2755.77929688,3335.51367188,214.86410522,0.00000000,0.00000000,270.00000000); //
    CreateDynamicObject(4866,-2893.38085938,3155.78710938,215.19773865,0.00000000,0.00000000,0.00000000); //
    CreateDynamicObject(4867,-2361.11352539,3376.89672852,215.12997437,0.00000000,0.00000000,0.00000000); //
    CreateDynamicObject(4867,-2364.44506836,3557.78295898,215.12997437,0.00000000,0.00000000,0.00000000); //
    CreateDynamicObject(5004,-2622.38183594,3370.19873047,214.61274719,0.00000000,0.00000000,180.00000000); //
    CreateDynamicObject(8356,-2696.03125000,3462.65087891,215.02313232,0.00000000,0.00000000,0.00000000); //
    CreateDynamicObject(8356,-2477.08740234,3470.15307617,215.19293213,0.00000000,0.00000000,0.00000000); //
    CreateDynamicObject(8356,-2461.03051758,3392.42358398,215.19046021,0.00000000,0.00000000,0.00000000); //
    CreateDynamicObject(5004,-2609.54467773,3290.34375000,214.73905945,0.00000000,0.00000000,179.99450684); //
    CreateDynamicObject(18245,-2705.10375977,3558.42089844,228.44660950,0.00000000,0.00000000,0.00000000); //
    CreateDynamicObject(18245,-2573.77709961,3466.36450195,228.05690002,0.00000000,0.00000000,0.00000000); //
    CreateDynamicObject(18245,-2644.65820312,3373.51538086,227.57212830,0.00000000,0.00000000,0.00000000); //
    CreateDynamicObject(18246,-2740.45703125,3459.70532227,218.56941223,0.00000000,0.00000000,0.00000000); //
    CreateDynamicObject(18246,-2536.15405273,3524.18481445,218.65838623,0.00000000,0.00000000,0.00000000); //
    CreateDynamicObject(18246,-2420.94262695,3576.13403320,218.60865784,0.00000000,0.00000000,0.00000000); //
    CreateDynamicObject(18250,-2333.28759766,3451.94750977,221.50276184,0.00000000,0.00000000,0.00000000); //
    CreateDynamicObject(18250,-2349.75439453,3246.87792969,221.57926941,0.00000000,0.00000000,0.00000000); //
    CreateDynamicObject(18250,-2548.42333984,3214.50488281,221.57926941,0.00000000,0.00000000,0.00000000); //
    CreateDynamicObject(9484,-2421.26464844,3457.80541992,236.58444214,0.00000000,0.00000000,2.00000000); //
    CreateDynamicObject(8356,-2344.60742188,3650.42724609,215.15093994,0.00000000,0.00000000,90.00000000); //
    CreateDynamicObject(1225,-2553.78198242,3524.68896484,222.49325562,0.00000000,0.00000000,0.00000000); //
    CreateDynamicObject(1225,-2465.14941406,3495.00903320,215.58546448,0.00000000,0.00000000,0.00000000); //
    CreateDynamicObject(1225,-2494.56835938,3524.35058594,215.57771301,0.00000000,0.00000000,0.00000000); //
    CreateDynamicObject(1225,-2431.28051758,3561.25415039,215.53573608,0.00000000,0.00000000,0.00000000); //
    CreateDynamicObject(1225,-2421.11791992,3526.83447266,215.53573608,0.00000000,0.00000000,0.00000000); //
    CreateDynamicObject(1225,-2533.72412109,3427.36572266,215.40791321,0.00000000,0.00000000,0.00000000); //
    CreateDynamicObject(1225,-2518.05932617,3370.87670898,215.37144470,0.00000000,0.00000000,0.00000000); //
    CreateDynamicObject(1225,-2590.66308594,3346.53564453,215.37919617,0.00000000,0.00000000,0.00000000); //
    CreateDynamicObject(1225,-2586.21459961,3305.42456055,215.37919617,0.00000000,0.00000000,0.00000000); //
    CreateDynamicObject(1225,-2762.09057617,3236.57885742,194.34268188,0.00000000,0.00000000,0.00000000); //
    CreateDynamicObject(1225,-2609.44824219,3255.85717773,215.37919617,0.00000000,0.00000000,0.00000000); //
    CreateDynamicObject(1225,-2698.00512695,3369.60131836,215.59513855,0.00000000,0.00000000,0.00000000); //
//==================================Stunt=======================================
    CreateDynamicObject(8040,-823.34466553,-566.08978271,2185.76391602,0.00000000,0.00000000,0.00000000); //
    CreateDynamicObject(3865,-779.19226074,-563.30474854,2186.44165039,0.00000000,0.00000000,269.43997192); //
    CreateDynamicObject(3865,-779.16687012,-569.52990723,2186.44165039,0.00000000,0.00000000,269.43969727); //
    CreateDynamicObject(3865,-770.10565186,-569.74542236,2186.44165039,0.00000000,0.00000000,269.43969727); //
    CreateDynamicObject(3865,-770.18792725,-563.48583984,2186.44165039,0.00000000,0.00000000,269.43969727); //
    CreateDynamicObject(3865,-761.43353271,-564.26751709,2186.44165039,0.00000000,0.25000000,260.93969727); //
    CreateDynamicObject(3865,-761.51190186,-569.24310303,2186.44165039,0.00000000,0.00000000,277.67126465); //
    CreateDynamicObject(3115,-750.41455078,-566.81567383,2186.06054688,0.00000000,289.50000000,359.25000000); //
    CreateDynamicObject(3115,-747.88159180,-563.48394775,2186.58251953,359.74731445,279.74450684,90.00000000); //
    CreateDynamicObject(3115,-747.55456543,-570.25097656,2186.08251953,359.99731445,279.23901367,271.25000000); //
    CreateDynamicObject(3115,-757.35656738,-567.08618164,2174.34716797,359.74731445,90.00000000,358.49487305); //
    CreateDynamicObject(3865,-755.46496582,-567.14721680,2172.01635742,270.67504883,0.00000000,277.66845703); //
    CreateDynamicObject(3115,-750.33508301,-566.84167480,2181.97070312,359.52996826,228.67340088,359.24743652); //
    CreateDynamicObject(3865,-755.46484375,-567.14648438,2163.13891602,270.67016602,0.00000000,277.66845703); //
    CreateDynamicObject(3865,-755.34613037,-567.23089600,2153.88891602,270.67016602,0.00000000,277.66845703); //
    CreateDynamicObject(3865,-753.99658203,-567.17773438,2145.03833008,288.42016602,5.50000000,277.66845703); //
    CreateDynamicObject(3865,-750.45581055,-566.83935547,2136.92163086,299.16857910,5.99865723,276.91845703); //
    CreateDynamicObject(3865,-745.07824707,-566.28338623,2130.17163086,318.32312012,6.74853516,276.66589355); //
    CreateDynamicObject(3865,-738.61419678,-565.59436035,2125.12670898,325.50781250,6.74560547,276.66320801); //
    CreateDynamicObject(3865,-731.36816406,-563.73962402,2120.00512695,325.50292969,6.74011230,292.54309082); //
    CreateDynamicObject(3865,-724.65240479,-561.05236816,2115.05688477,325.50292969,6.74011230,292.53845215); //
    CreateDynamicObject(3865,-718.12408447,-558.44006348,2110.20825195,325.50292969,6.74011230,292.53845215); //
    CreateDynamicObject(3865,-711.04248047,-555.61267090,2104.93920898,325.50292969,6.74011230,292.53845215); //
    CreateDynamicObject(3865,-705.83862305,-553.75701904,2102.11547852,335.75292969,6.74011230,290.03845215); //
    CreateDynamicObject(3865,-698.04040527,-551.01739502,2100.01293945,355.92260742,8.49011230,290.03356934); //
    CreateDynamicObject(3865,-690.04150391,-548.24261475,2100.88940430,15.87353516,8.48693848,290.02807617); //
    CreateDynamicObject(3865,-682.70068359,-545.66625977,2104.29370117,30.61975098,7.23693848,290.02807617); //
    CreateDynamicObject(3865,-676.64855957,-543.56311035,2109.91821289,51.99890137,7.23449707,290.02807617); //
    CreateDynamicObject(3865,-672.87854004,-542.25592041,2117.16528320,69.43829346,6.73449707,290.27807617); //
    CreateDynamicObject(3865,-670.65106201,-541.53942871,2125.78393555,80.43359375,6.72912598,290.27526855); //
    CreateDynamicObject(3865,-671.38336182,-541.97680664,2134.27416992,112.39593506,6.72912598,290.26977539); //
    CreateDynamicObject(3865,-676.17016602,-543.84820557,2140.34985352,146.05566406,6.72912598,291.01977539); //
    CreateDynamicObject(3865,-683.70672607,-546.87359619,2143.42553711,170.07727051,358.78912354,291.01684570); //
    CreateDynamicObject(3865,-691.73107910,-550.06652832,2143.17651367,192.21887207,358.78601074,290.76135254); //
    CreateDynamicObject(3865,-699.34704590,-552.78100586,2140.20532227,206.11181641,270.77404785,290.75866699); //
    CreateDynamicObject(3865,-705.68090820,-555.18054199,2135.05395508,226.53399658,270.76904297,290.75317383); //
    CreateDynamicObject(3865,-709.59020996,-557.31237793,2127.95629883,247.39758301,319.49328613,309.00317383); //
    CreateDynamicObject(3865,-711.19287109,-558.85009766,2119.53198242,262.39562988,333.38281250,314.75146484); //
    CreateDynamicObject(3865,-710.34710693,-559.62731934,2111.10375977,289.21179199,333.38012695,260.88769531); //
    CreateDynamicObject(3865,-705.75250244,-559.78747559,2104.26684570,317.51440430,333.37463379,271.38684082); //
    CreateDynamicObject(3865,-699.07421875,-559.69543457,2098.21606445,317.51037598,333.36914062,271.38427734); //
    CreateDynamicObject(3865,-693.04705811,-559.60656738,2094.11743164,330.51037598,333.36914062,271.38427734); //
    CreateDynamicObject(3865,-684.85131836,-559.44964600,2091.64038086,354.13708496,333.36914062,271.37878418); //
    CreateDynamicObject(3865,-675.94311523,-559.30981445,2090.79370117,354.13330078,333.36914062,271.37878418); //
    CreateDynamicObject(3865,-667.09289551,-559.20025635,2090.89331055,6.96813965,333.36914062,271.37878418); //
    CreateDynamicObject(3865,-659.01562500,-559.07208252,2092.52172852,14.46533203,333.36914062,271.37878418); //
    CreateDynamicObject(3865,-650.64288330,-558.85388184,2095.32250977,21.71350098,333.36914062,272.62878418); //
    CreateDynamicObject(3865,-643.32104492,-558.60443115,2098.71899414,27.70898438,333.36914062,272.62573242); //
    CreateDynamicObject(3865,-631.69818115,-558.18176270,2104.71899414,27.70751953,333.36914062,272.62023926); //
    CreateDynamicObject(3865,-622.70098877,-557.99676514,2107.65649414,9.50000000,5.00000000,272.62023926); //
    CreateDynamicObject(3865,-613.66870117,-557.69775391,2108.73120117,3.74768066,4.99877930,272.62023926); //
    CreateDynamicObject(3865,-604.91864014,-558.11352539,2109.30395508,3.74633789,4.99328613,263.37023926); //
    CreateDynamicObject(3865,-595.77270508,-560.53283691,2109.17944336,354.99084473,4.98779297,246.42974854); //
    CreateDynamicObject(3865,-587.63751221,-564.17572021,2108.38256836,354.99023438,4.98229980,246.42883301); //
    CreateDynamicObject(3865,-579.63372803,-567.83355713,2105.93237305,334.19763184,4.98229980,246.42883301); //
    CreateDynamicObject(3865,-572.72064209,-570.93542480,2101.33569336,323.54821777,4.97680664,246.42333984); //
    CreateDynamicObject(3865,-566.31695557,-573.83038330,2095.53979492,317.29736328,2.97131348,246.42333984); //
    CreateDynamicObject(3865,-560.49468994,-576.49017334,2089.19506836,313.54614258,2.96630859,246.42333984); //
    CreateDynamicObject(18450,-534.55169678,-589.19989014,2055.55493164,0.00000000,47.00000000,333.48999023); //
    CreateDynamicObject(17310,-510.09509277,-601.42224121,2028.76696777,0.00000000,200.81999207,331.54998779); //
    CreateDynamicObject(3115,-502.66696167,-606.50146484,2027.51000977,0.00000000,359.25000000,333.86999512); //
    CreateDynamicObject(3115,-470.95159912,-624.04840088,2026.51000977,0.00000000,359.24743652,333.86901855); //
    CreateDynamicObject(17310,-461.74914551,-628.22369385,2030.55212402,0.00000000,148.95996094,333.48999023); //
    CreateDynamicObject(17310,-448.05300903,-634.73175049,2057.11621094,359.25000000,90.71313477,333.48999023); //
    CreateDynamicObject(17310,-461.68179321,-627.51525879,2082.85668945,359.24743652,26.96362305,333.48999023); //
    CreateDynamicObject(17310,-488.63629150,-614.03411865,2081.96020508,359.24194336,329.39550781,333.48999023); //
    CreateDynamicObject(17310,-501.29522705,-608.17303467,2055.21435547,359.24194336,265.35754395,333.48999023); //
    CreateDynamicObject(8355,-462.19656372,-628.39270020,1968.56835938,59.06500244,0.00000000,64.00000000); //
    CreateDynamicObject(8355,-457.44027710,-630.93353271,1971.04284668,47.15249634,0.00000000,63.99536133); //
    CreateDynamicObject(8355,-454.72412109,-632.25573730,1971.04284668,39.89782715,0.00000000,63.99536133); //
    CreateDynamicObject(8355,-451.07583618,-634.11596680,1970.19201660,30.14685059,0.00000000,63.99536133); //
    CreateDynamicObject(1655,-400.57556152,-658.66290283,1938.90747070,332.20999146,1.23498535,244.86996460); //
    CreateDynamicObject(1655,-404.31713867,-666.50695801,1938.75732422,332.20458984,1.23046875,244.86877441); //
    CreateDynamicObject(1655,-396.84960938,-650.78649902,1939.13269043,332.20458984,1.23046875,244.86877441); //
    CreateDynamicObject(6189,-326.12658691,-695.53460693,1924.59338379,359.25000000,0.00000000,63.53500366); //
    CreateDynamicObject(17310,-257.11154175,-720.20910645,1945.21325684,0.00000000,142.26998901,332.23999023); //
    CreateDynamicObject(17310,-262.51330566,-730.47778320,1945.21325684,0.00000000,142.26745605,332.23754883); //
    CreateDynamicObject(17310,-265.23562622,-735.68505859,1945.21325684,0.00000000,142.26745605,332.23754883); //
//=================================StuntStadium=================================
    CreateDynamicObject(18778,1369.97827148,2188.39941406,11.24218750,6.00000000,0.00000000,0.00000000); //
    CreateDynamicObject(18778,1386.69396973,2169.51220703,11.12834454,6.00000000,0.00000000,270.00000000); //
    CreateDynamicObject(18786,1311.34948730,2189.16308594,11.77343750,0.00000000,0.00000000,269.99996948); //
    CreateDynamicObject(18786,1331.04284668,2189.11376953,11.77343750,0.00000000,0.00000000,270.00000000); //
    CreateDynamicObject(18786,1387.55163574,2142.11694336,11.75205612,0.00000000,0.00000000,180.00000000); //
    CreateDynamicObject(18786,1387.50036621,2122.15161133,11.76562500,0.00000000,0.00000000,180.00000000); //
    CreateDynamicObject(19001,1326.13354492,2119.05224609,19.58593750,0.00000000,0.00000000,90.00000000); //
    CreateDynamicObject(18778,1337.76855469,2109.36914062,11.87483597,6.00000000,0.00000000,180.00000000); //
    CreateDynamicObject(18778,1337.79235840,2103.27221680,15.86227798,18.00000000,0.00000000,180.00000000); //
    CreateDynamicObject(18778,1454.90222168,2150.61206055,29.90948868,0.00000000,0.00000000,268.00000000); //
    CreateDynamicObject(18778,1454.62756348,2129.66625977,29.90948868,0.00000000,0.00000000,270.00000000); //
    CreateDynamicObject(18778,1454.67834473,2108.75659180,29.90948868,0.00000000,0.00000000,270.00000000); //
    CreateDynamicObject(18778,1454.01953125,2087.66650391,30.40948868,0.00000000,0.00000000,268.00000000); //
    CreateDynamicObject(18778,1454.80566406,2171.84375000,30.15948868,3.99902344,0.00000000,269.99450684); //
    CreateDynamicObject(18778,1455.43310547,2192.92016602,29.90948868,0.00000000,0.00000000,270.00000000); //
    CreateDynamicObject(18778,1345.63000488,2213.65527344,19.56250000,18.00000000,0.00000000,0.00000000); //
    CreateDynamicObject(18778,1315.97729492,2213.58764648,19.81250000,16.00000000,0.00000000,0.00000000); //
    CreateDynamicObject(18777,1296.31481934,2222.46875000,24.94717789,0.00000000,0.00000000,358.00000000); //
    CreateDynamicObject(18777,1326.05480957,2221.84228516,24.97817993,0.00000000,0.00000000,0.00000000); //
    CreateDynamicObject(18801,1432.83020020,2072.69287109,50.87042618,0.00000000,0.00000000,276.00000000); //
    CreateDynamicObject(18778,1423.68981934,2075.08276367,29.86162376,348.00741577,357.95535278,177.57501221); //
    CreateDynamicObject(16776,1407.25268555,2084.96337891,9.91664505,0.00000000,0.00000000,0.00000000); //
    CreateDynamicObject(16776,1458.25390625,2232.55273438,32.18750000,0.00000000,0.00000000,0.00000000); //
    CreateDynamicObject(18780,1290.73815918,2168.89184570,21.77343750,0.00000000,0.00000000,182.00000000); //
    CreateDynamicObject(18844,1260.88500977,2167.99218750,98.83094788,0.00000000,0.00000000,0.00000000); //
    CreateDynamicObject(18788,1407.83178711,2169.87548828,22.14884186,0.00000000,329.99633789,0.00000000); //
    CreateDynamicObject(18780,1415.56079102,2249.28930664,40.21093750,0.00000000,0.00000000,126.00000000); //
    CreateDynamicObject(18845,1395.37536621,2276.85327148,106.44596863,0.00000000,0.00000000,304.00000000); //
    CreateDynamicObject(18778,1349.29199219,2141.42919922,11.73437500,0.00000000,0.00000000,0.00000000); //
    CreateDynamicObject(18778,1349.13696289,2165.33642578,11.73437500,0.00000000,0.00000000,179.99450684); //
    CreateDynamicObject(18778,1337.30468750,2153.32177734,11.73437500,0.00000000,0.00000000,269.99450684); //
    CreateDynamicObject(18778,1361.08886719,2153.35498047,11.73437500,0.00000000,0.00000000,90.00000000); //
    CreateDynamicObject(4206,1350.38293457,2154.16186523,10.51341057,0.00000000,0.00000000,0.00000000); //
    CreateDynamicObject(1225,1348.97033691,2153.51879883,10.42138004,0.00000000,0.00000000,0.00000000); //
    CreateDynamicObject(18802,1365.84802246,2109.44335938,11.89062500,0.00000000,356.00000000,269.99996948); //
    CreateDynamicObject(18778,1365.90893555,2097.58862305,16.29788971,0.00000000,0.00000000,180.00000000); //
    CreateDynamicObject(18784,1434.53747559,2169.75585938,30.44073868,0.00000000,0.00000000,179.99450684); //
    CreateDynamicObject(18784,1434.53747559,2169.75585938,30.44073868,0.00000000,0.00000000,179.99450684); //
//==================================StuntCarPark================================
    CreateDynamicObject(18786,1047.48071289,1311.83093262,14.07031250,0.00000000,17.99560547,88.00000000); //
    CreateDynamicObject(18985,1023.16247559,1194.87182617,24.37910271,0.00000000,0.00000000,357.98950195); //
    CreateDynamicObject(18984,1051.38842773,1193.47949219,24.62910271,0.00000000,0.00000000,1.99951172); //
    CreateDynamicObject(18802,1048.73876953,1357.23095703,12.44531250,0.00000000,353.99597168,89.99951172); //
    CreateDynamicObject(18778,1048.89184570,1362.24804688,16.27973175,17.97961426,0.00000000,359.99951172); //
    CreateDynamicObject(18802,1166.78222656,1256.63574219,11.44531250,0.00000000,351.99645996,0.00000000); //
    CreateDynamicObject(18777,1178.65393066,1276.11047363,17.50964928,0.00000000,0.00000000,261.99499512); //
    CreateDynamicObject(18786,1037.54235840,1312.24865723,14.07747650,0.00000000,17.99560547,86.00000000); //
    CreateDynamicObject(1633,1025.07177734,1247.28442383,18.92939377,0.00000000,0.00000000,177.99499512); //
    CreateDynamicObject(1633,1049.98266602,1246.36547852,18.92939377,0.00000000,0.00000000,179.99450684); //
    CreateDynamicObject(18842,1087.08300781,1199.14746094,22.07031250,0.13732910,265.99548340,270.00000000); //
    CreateDynamicObject(18841,1087.39550781,1164.99609375,40.33739090,0.00000000,3.98803711,91.98852539); //
    CreateDynamicObject(18836,1086.16699219,1201.40820312,55.46171188,0.00000000,0.00000000,1.99951172); //
    CreateDynamicObject(18841,1084.91894531,1236.09277344,71.11796570,0.00000000,0.00000000,271.99951172); //
    CreateDynamicObject(18836,1086.16210938,1200.74707031,87.04808044,0.00000000,0.00000000,1.99951172); //
    CreateDynamicObject(18841,1087.67382812,1165.64062500,102.70433044,0.00000000,0.00000000,93.99902344); //
    CreateDynamicObject(18836,1085.51855469,1200.91406250,118.59434509,0.00000000,357.98950195,3.98803711); //
    CreateDynamicObject(18841,1037.01416016,1133.77612305,24.64843750,270.00000000,179.94506836,267.94555664); //
    CreateDynamicObject(18802,1167.70800781,1335.58203125,11.18751717,0.00000000,0.00000000,87.98852539); //
    CreateDynamicObject(18802,1147.66369629,1353.46032715,11.19531250,0.00000000,0.00000000,0.00000000); //
    CreateDynamicObject(18777,1181.49279785,1275.51342773,42.79770660,3.99108887,357.98965454,246.13447571); //
    CreateDynamicObject(18801,1139.62194824,1221.14831543,32.25000000,0.00000000,0.00000000,275.99304199); //
    CreateDynamicObject(18801,1120.35156250,1220.20800781,31.75000000,0.00000000,0.00000000,275.99304199); //
    CreateDynamicObject(18778,1111.02539062,1219.88476562,10.53906250,0.00000000,0.00000000,179.99450684); //
    CreateDynamicObject(1633,1087.48669434,1226.67431641,15.11127472,0.00000000,0.00000000,177.99499512); //
    CreateDynamicObject(1633,1049.99133301,1239.93981934,18.50329590,8.00000000,0.00000000,0.00000000); //
    CreateDynamicObject(1633,1025.06054688,1240.92700195,18.81717110,2.00000000,0.00000000,0.00000000); //
    CreateDynamicObject(18841,1083.27050781,1235.69726562,134.50155640,0.00000000,0.00000000,271.98852539); //
    CreateDynamicObject(18836,1085.35253906,1200.46191406,150.37528992,0.00000000,0.00000000,3.98803711); //
    CreateDynamicObject(18779,1060.92565918,1377.77978516,19.85246658,0.00000000,0.00000000,272.00000000); //
    CreateDynamicObject(18780,1162.67919922,1398.60644531,22.90951920,0.00000000,4.00000000,90.00000000); //
    CreateDynamicObject(18845,1162.60937500,1431.90917969,86.77028656,0.00000000,3.99353027,270.00000000); //
    CreateDynamicObject(18777,1181.54101562,1276.30761719,68.77847290,0.00000000,357.99499512,237.99682617); //
    CreateDynamicObject(16776,1152.11010742,1336.72338867,9.76106644,0.00000000,0.00000000,359.98950195); //
    CreateDynamicObject(18800,988.40948486,1294.17590332,30.41611481,0.00000000,0.00000000,179.99450684); //
    CreateDynamicObject(18800,1045.01855469,1294.33300781,54.02795792,0.00000000,0.00000000,0.00000000); //
    CreateDynamicObject(18800,987.23925781,1294.20703125,77.47451019,0.00000000,0.00000000,179.99450684); //
    CreateDynamicObject(18778,1013.61993408,1317.08068848,91.49794769,0.00000000,0.00000000,272.00000000); //
    CreateDynamicObject(18809,1036.87695312,1197.86132812,23.95530128,87.99499512,179.99450684,179.99450684); //
    CreateDynamicObject(18826,1036.45202637,1162.43176270,39.23450089,358.00000000,0.00000000,90.00000000); //
    CreateDynamicObject(18809,1035.93554688,1198.06884766,55.25839996,0.00000000,90.00000000,269.99450684); //
    CreateDynamicObject(1634,1035.98364258,1225.92236328,51.07260513,0.00000000,0.00000000,0.00000000); //
    CreateDynamicObject(18778,1098.39196777,1358.18359375,13.70906067,0.00000000,0.00000000,359.98352051); //
    CreateDynamicObject(18783,1098.00952148,1372.72949219,12.81250000,0.00000000,0.00000000,0.00000000); //
    CreateDynamicObject(18785,1098.12951660,1392.67419434,12.82031250,0.00000000,0.00000000,0.00000000); //
    CreateDynamicObject(18779,1091.64379883,1441.03698730,20.73176956,0.00000000,0.00000000,272.00000000); //
    CreateDynamicObject(18779,1091.17871094,1453.87500000,39.43716431,0.00000000,49.99682617,271.99951172); //
    CreateDynamicObject(18772,1264.03076172,1182.12292480,95.46125031,0.00000000,358.00000000,229.99951172); //
    CreateDynamicObject(18802,1167.09716797,1303.18383789,11.69531250,0.00000000,354.00000000,2.00000000); //
    CreateDynamicObject(18802,1185.57031250,1303.57031250,9.27588940,0.00000000,337.99438477,179.99450684); //
    CreateDynamicObject(18779,1127.66223145,1033.63476562,19.26562500,0.00000000,0.00000000,128.00000000); //
    CreateDynamicObject(18779,1050.77563477,1035.86413574,19.15505981,0.00000000,0.00000000,40.00000000); //
    CreateDynamicObject(18779,1130.26232910,1114.73730469,19.26562500,0.00000000,0.00000000,218.00000000); //
    CreateDynamicObject(18851,1069.42968750,1198.85644531,22.24218750,0.00000000,0.00000000,91.99951172); //
    CreateDynamicObject(18851,1070.65490723,1171.25488281,22.42652893,1.99511719,4.00244141,97.86044312); //
    CreateDynamicObject(1634,1073.63195801,1148.32714844,18.07436752,0.00000000,0.00000000,186.00000000); //
    CreateDynamicObject(13562,1176.66894531,1317.90917969,15.82031250,0.00000000,0.00000000,0.00000000); //
    CreateDynamicObject(16778,1124.08728027,1362.69287109,14.31098175,0.00000000,0.00000000,0.00000000); //
    CreateDynamicObject(18779,1097.80090332,978.15240479,28.89414215,0.00000000,0.00000000,8.00000000); //
    CreateDynamicObject(18778,1050.43359375,983.40429688,40.52716064,0.00000000,0.00000000,69.99536133); //
    CreateDynamicObject(1633,1037.13684082,1226.75170898,19.42939377,0.00000000,0.00000000,178.00000000); //
    CreateDynamicObject(18778,1068.57092285,1226.89855957,15.28841400,0.00000000,0.00000000,180.00000000); //
    CreateDynamicObject(18780,1058.36535645,1111.80517578,21.02343750,0.00000000,0.00000000,130.00000000); //
    CreateDynamicObject(18778,1045.50158691,985.07482910,43.56404114,16.00000000,0.00000000,70.00000000); //
    CreateDynamicObject(18827,955.61846924,960.17547607,52.63281250,0.00000000,0.00000000,310.00000000); //
    CreateDynamicObject(1633,997.46173096,994.62872314,46.93310547,0.00000000,0.00000000,124.00000000); //
    CreateDynamicObject(1633,917.95507812,928.65332031,48.42305756,0.00000000,0.00000000,129.99572754); //
    CreateDynamicObject(18780,993.86096191,1091.33825684,58.88281250,0.00000000,0.00000000,90.00000000); //
    CreateDynamicObject(18844,993.71270752,1121.06188965,136.05197144,0.00000000,0.00000000,0.00000000); //
    CreateDynamicObject(1633,1092.13342285,1400.36657715,12.58819008,7.98037720,4.03918457,25.43490601); //
    CreateDynamicObject(1633,1105.26330566,1398.76098633,13.28538513,11.96838379,355.91094971,334.84375000); //
    CreateDynamicObject(18985,1066.11523438,1450.34960938,19.32031250,0.00000000,0.00000000,27.99865723); //
    CreateDynamicObject(18984,1129.41015625,1448.87402344,19.56250000,0.00000000,0.00000000,333.98986816); //
    CreateDynamicObject(1634,1152.08068848,1495.61169434,12.84419250,6.00000000,0.00000000,153.99536133); //
    CreateDynamicObject(1633,1149.49609375,1490.04589844,14.66903019,0.00000000,0.00000000,333.98986816); //
    CreateDynamicObject(1634,1041.41113281,1496.75671387,12.34795952,9.99499512,0.00000000,207.99867249); //
    CreateDynamicObject(1633,1044.24121094,1491.50390625,14.27937508,0.00000000,0.00000000,27.99865723); //
    CreateDynamicObject(18784,1087.57226562,1351.75781250,12.06250000,0.00000000,355.99499512,0.00000000); //
    CreateDynamicObject(18784,1087.60644531,1331.94995117,12.06250000,0.00000000,355.99499512,0.00000000); //
    CreateDynamicObject(18753,1034.99951172,1239.69726562,14.56098366,0.00000000,0.00000000,0.00000000); //
    CreateDynamicObject(18778,996.55755615,1173.99194336,16.49906158,0.00000000,0.00000000,180.00000000); //
    CreateDynamicObject(18778,971.08691406,1187.14062500,16.56906128,0.00000000,0.00000000,90.00000000); //
    CreateDynamicObject(18778,970.54602051,1221.73840332,16.81906128,0.00000000,0.00000000,88.00000000); //
    CreateDynamicObject(18778,970.69165039,1253.35913086,16.77172661,0.00000000,0.00000000,90.00000000); //
    CreateDynamicObject(18778,1015.39331055,1253.69238281,20.84785271,0.00000000,0.00000000,90.00000000); //
    CreateDynamicObject(18778,1015.81475830,1290.43835449,20.84785271,0.00000000,0.00000000,88.00000000); //
    CreateDynamicObject(18780,1098.04785156,1734.63476562,19.07031250,0.00000000,3.99902344,90.00000000); //
    CreateDynamicObject(18843,1098.25195312,1765.65808105,93.85801697,0.00000000,0.00000000,0.00000000); //
    CreateDynamicObject(18780,1009.30358887,1529.83190918,21.80628204,0.00000000,0.00000000,2.00000000); //
    CreateDynamicObject(18778,1095.28039551,1541.62500000,51.47328568,0.00000000,0.00000000,180.00000000); //
    CreateDynamicObject(18778,1083.50476074,1529.63464355,51.64503860,0.00000000,0.00000000,269.99450684); //
    CreateDynamicObject(18779,1022.02856445,1440.12561035,14.81250000,0.00000000,0.00000000,268.00000000); //
    CreateDynamicObject(18784,1108.37390137,1352.24975586,12.07031250,0.00000000,356.00000000,180.00000000); //
    CreateDynamicObject(18784,1108.35729980,1334.78186035,12.07031250,0.00000000,356.00000000,180.00000000); //
    CreateDynamicObject(18784,1108.31494141,1314.91113281,12.07031250,0.00000000,356.00000000,180.00000000); //
    CreateDynamicObject(18784,1108.31958008,1298.86950684,12.07031250,0.00000000,356.00000000,180.00000000); //
    CreateDynamicObject(18784,1108.29797363,1278.98132324,12.07031250,0.00000000,356.00000000,180.00000000); //
    CreateDynamicObject(18784,1108.33471680,1260.08239746,12.07031250,0.00000000,356.00000000,180.00000000); //
    CreateDynamicObject(18784,1087.88610840,1311.93005371,11.82031250,0.00000000,356.00000000,270.00000000); //
    CreateDynamicObject(18784,1068.02978516,1311.86718750,11.82031250,0.00000000,356.00000000,270.00000000); //
    CreateDynamicObject(18750,1094.98828125,1478.65234375,84.52428436,87.17187500,225.01722717,137.01159668); //
    CreateDynamicObject(18778,1095.25488281,1517.68273926,51.55112457,0.00000000,0.00000000,0.00000000); //
    CreateDynamicObject(18778,1107.12316895,1529.81152344,51.55908585,0.00000000,0.00000000,90.00000000); //
    CreateDynamicObject(4206,1095.58984375,1529.77929688,51.14711761,0.00000000,0.00000000,0.00000000); //
    CreateDynamicObject(4206,1094.79907227,1529.28857422,51.15337753,0.00000000,0.00000000,0.00000000); //
    CreateDynamicObject(4206,1094.79907227,1529.28857422,51.15337753,0.00000000,0.00000000,0.00000000); //
//===================================[Paradise]=================================
    CreateDynamicObject(17310,1463.16113281,1856.19152832,14.04193497,0.00000000,213.00000000,270.00000000); //
    CreateDynamicObject(17310,1474.98022461,1856.22827148,14.04193497,0.00000000,212.99743652,270.00000000); //
    CreateDynamicObject(17310,1486.58776855,1856.26574707,14.04193497,0.00000000,212.99743652,270.00000000); //
    CreateDynamicObject(17310,1451.40490723,1856.16943359,14.04193497,0.00000000,212.99743652,270.00000000); //
    CreateDynamicObject(17310,1439.66479492,1856.11547852,14.04193497,0.00000000,212.99743652,270.00000000); //
    CreateDynamicObject(17310,1439.60766602,1870.31860352,42.91698837,0.00000000,274.53234863,270.00000000); //
    CreateDynamicObject(17310,1486.45202637,1870.53222656,42.91698837,0.00000000,274.53186035,270.00000000); //
    CreateDynamicObject(16304,1437.26574707,1600.52795410,14.98059368,0.00000000,0.00000000,0.00000000); //
    CreateDynamicObject(17310,1441.41040039,1464.46972656,13.64907455,0.25000000,149.48498535,236.92996216); //
    CreateDynamicObject(17310,1420.50207520,1431.65637207,13.64907455,0.24719238,149.47998047,57.96063232); //
    CreateDynamicObject(17310,1366.94409180,1689.63183594,14.89192200,0.00000000,143.85494995,91.04003906); //
    CreateDynamicObject(17310,1366.64672852,1703.06237793,43.74195862,0.00000000,85.82946777,91.03820801); //
    CreateDynamicObject(18449,1367.71569824,1649.63305664,52.08511734,0.00000000,0.00000000,270.65997314); //
    CreateDynamicObject(1655,1368.20642090,1611.84570312,53.82898712,4.25000000,0.25000000,179.00500488); //
    CreateDynamicObject(1655,1368.04089355,1605.85168457,58.07900238,21.37622070,0.24719238,179.00024414); //
    CreateDynamicObject(1655,1368.05822754,1601.50146484,64.25404358,42.62390137,359.99719238,179.00024414); //
    CreateDynamicObject(1655,1368.05114746,1599.92797852,72.30406189,68.26647949,359.99450684,179.00024414); //
    CreateDynamicObject(1655,1368.05175781,1602.32458496,78.97911835,105.97857666,359.98901367,179.00024414); //
    CreateDynamicObject(18449,1367.71484375,1649.63281250,76.96511841,0.00000000,0.00000000,270.65917969); //
    CreateDynamicObject(1655,1367.11328125,1687.72570801,78.28395844,0.00000000,0.00000000,0.00000000); //
    CreateDynamicObject(1655,1366.95886230,1694.29187012,82.93407440,25.42498779,0.00000000,0.00000000); //
    CreateDynamicObject(1655,1366.87731934,1698.05187988,90.25915527,53.53735352,0.00000000,0.00000000); //
    CreateDynamicObject(1655,1366.87695312,1698.05175781,97.95916748,79.13638306,0.00000000,0.00000000); //
    CreateDynamicObject(1655,1366.71215820,1694.95898438,105.20916748,100.26452637,0.50000000,359.25000000); //
    CreateDynamicObject(18449,1367.71484375,1649.63281250,102.55511475,0.00000000,0.00000000,270.65917969); //
    CreateDynamicObject(18449,1368.53869629,1570.66442871,102.55511475,0.00000000,0.00000000,270.65917969); //
    CreateDynamicObject(1655,1369.30554199,1530.29687500,103.92395782,0.00000000,0.00000000,179.09495544); //
    CreateDynamicObject(1655,1369.14965820,1523.79052734,107.69898987,14.69000244,0.00000000,179.09362793); //
    CreateDynamicObject(4563,1384.46777344,1234.96850586,9.52361870,0.00000000,310.12500000,59.55001831); //
    CreateDynamicObject(1632,1350.05590820,1161.52844238,118.16693115,321.11999512,0.00000000,331.25000000); //
    CreateDynamicObject(1632,1353.88989258,1168.65600586,117.51689148,344.54431152,0.00000000,331.24877930); //
    CreateDynamicObject(1655,1360.13281250,1238.24316406,58.09549332,327.01998901,0.00000000,330.69500732); //
    CreateDynamicObject(1655,1364.08020020,1245.32385254,58.89549637,357.14892578,0.00000000,330.69396973); //
    CreateDynamicObject(13647,1550.42382812,1343.83825684,9.79777336,0.00000000,0.00000000,92.03002930); //
    CreateDynamicObject(13647,1549.47338867,1381.47241211,9.79777336,0.00000000,0.00000000,270.89694214); //
    CreateDynamicObject(13640,1539.57397461,1477.17944336,10.85032272,0.00000000,0.00000000,0.00000000); //
    CreateDynamicObject(17310,1495.93395996,1291.55700684,14.61464310,359.50000000,214.31497192,87.34002686); //
    CreateDynamicObject(17310,1492.04199219,1277.26489258,43.16482925,359.49462891,272.37524414,88.07080078); //
    CreateDynamicObject(17310,1489.15747070,1293.53930664,70.36483765,359.48913574,329.08776855,88.06640625); //
    CreateDynamicObject(17310,1487.40429688,1325.97021484,70.81486511,359.48913574,29.38403320,88.06640625); //
    CreateDynamicObject(17310,1485.53369141,1341.74865723,43.19979858,359.48913574,91.69793701,88.06640625); //
    CreateDynamicObject(17310,1482.67456055,1325.21459961,16.84981918,359.48913574,152.88238525,88.06640625); //
    CreateDynamicObject(17310,1481.51977539,1294.85949707,17.67481422,359.48913574,210.44525146,88.06640625); //
    CreateDynamicObject(3269,1531.61645508,1686.63293457,9.72031307,0.00000000,0.00000000,19.92498779); //
    CreateDynamicObject(13641,1342.51367188,1493.01330566,6.79530859,0.00000000,343.08999634,234.94496155); //
    CreateDynamicObject(13641,1337.49426270,1484.77465820,8.54530907,0.00000000,343.08654785,234.94262695); //
    CreateDynamicObject(1634,1340.66027832,1490.23266602,11.11763000,3.75000000,0.72000122,149.11004639); //
    CreateDynamicObject(8355,1576.05383301,1653.04980469,50.79031372,37.71499634,0.00000000,336.17999268); //
    CreateDynamicObject(8355,1619.84289551,1752.24438477,134.65460205,37.71057129,0.00000000,336.17614746); //
    CreateDynamicObject(8040,1657.27197266,1839.12548828,177.80465698,0.00000000,0.00000000,246.05499268); //
    CreateDynamicObject(17310,1562.61035156,1597.82763672,10.59196091,0.00000000,173.40997314,64.75500488); //
    CreateDynamicObject(17310,1551.96228027,1602.51171875,10.59196091,0.00000000,173.40820312,64.75341797); //
    CreateDynamicObject(17310,1544.26904297,1606.08032227,10.59196091,0.00000000,173.40820312,64.75341797); //
    CreateDynamicObject(17310,1550.85620117,1573.11767578,21.14193344,359.00000000,229.03320312,64.75341797); //
    CreateDynamicObject(17310,1540.57006836,1577.62036133,21.14193344,358.99475098,229.03198242,64.74792480); //
    CreateDynamicObject(17310,1532.48474121,1581.21960449,21.14193344,358.99475098,229.03198242,64.74792480); //
    CreateDynamicObject(621,1631.60815430,1807.64074707,176.18496704,0.00000000,0.00000000,0.00000000); //
    CreateDynamicObject(621,1650.36218262,1799.24169922,176.08499146,0.00000000,0.00000000,0.00000000); //
    CreateDynamicObject(1634,1578.13232422,1434.83459473,11.13806343,5.52999878,0.00000000,230.83998108); //
    CreateDynamicObject(1634,1582.99145508,1430.89038086,16.63801384,25.95111084,0.00000000,230.83923340); //
    CreateDynamicObject(1634,1585.75024414,1428.70312500,24.03795815,50.60971069,0.50000000,230.83374023); //
    CreateDynamicObject(13590,1522.44323730,1773.88024902,10.97117424,0.00000000,0.00000000,340.82501221); //
    CreateDynamicObject(4585,1358.11706543,1838.98486328,36.27117538,0.00000000,0.00000000,0.00000000); //
    CreateDynamicObject(4585,1356.86108398,1809.90844727,-31.26881790,0.00000000,0.00000000,0.00000000); //
    CreateDynamicObject(4585,1389.11730957,1843.25976562,4.24117470,0.00000000,0.00000000,0.00000000); //
    CreateDynamicObject(18367,1374.09155273,1737.72338867,6.19532204,348.08999634,359.77999878,256.77996826); //
    CreateDynamicObject(18367,1336.16235352,1767.97558594,15.76103783,347.00000000,0.00000000,180.98997498); //
    CreateDynamicObject(18367,1335.90148926,1795.22021484,25.26103783,338.74768066,0.00000000,180.98876953); //
    CreateDynamicObject(18367,1335.53149414,1822.04455566,39.31113434,338.74694824,0.00000000,180.98876953); //
    CreateDynamicObject(18367,1359.95959473,1851.57067871,50.96787643,0.00000000,0.00000000,271.92498779); //
    CreateDynamicObject(18367,1330.76464844,1849.63354492,54.16778183,344.41500854,1.75000000,4.98193359); //
    CreateDynamicObject(18367,1333.06457520,1821.13024902,65.71780396,0.41040039,1.74682617,10.22680664); //
    CreateDynamicObject(18367,1343.25170898,1814.12719727,67.99202728,332.85501099,0.00000000,93.13500977); //
    CreateDynamicObject(18367,1368.12878418,1815.20568848,84.24202728,325.85278320,0.00000000,93.13110352); //
    CreateDynamicObject(18367,1391.80798340,1846.04113770,102.64200592,3.56372070,5.38000488,1.54559326); //
    CreateDynamicObject(18367,1379.25292969,1857.27404785,103.18486786,328.23999023,0.00000000,0.00000000); //
    CreateDynamicObject(18367,1379.21972656,1840.82324219,114.98491669,319.48852539,0.00000000,0.00000000); //
    CreateDynamicObject(1634,1341.38745117,1817.96301270,137.06233215,0.00000000,0.73498535,121.05502319); //
    CreateDynamicObject(1634,1339.46228027,1860.88464355,137.06233215,0.00000000,0.73059082,39.66784668); //
    CreateDynamicObject(1634,1377.50207520,1862.44128418,137.06233215,0.00000000,0.72509766,310.34112549); //
    CreateDynamicObject(13592,1346.29528809,1358.37707520,19.36594963,0.00000000,0.00000000,51.61001587); //
    CreateDynamicObject(13592,1341.19580078,1363.70581055,19.36594963,0.00000000,0.00000000,51.60827637); //
    CreateDynamicObject(13592,1351.27661133,1353.13928223,19.36594963,0.00000000,0.00000000,51.60827637); //
    CreateDynamicObject(710,1329.32666016,1361.83386230,25.40697861,0.00000000,0.00000000,0.00000000); //
    CreateDynamicObject(710,1363.25585938,1356.28942871,25.40697861,0.00000000,0.00000000,0.00000000); //
    CreateDynamicObject(1503,1402.55834961,1575.62731934,9.81250000,0.00000000,0.00000000,0.00000000); //
    CreateDynamicObject(3270,1577.07250977,1283.28576660,9.48750496,0.00000000,0.00000000,341.08999634); //
    CreateDynamicObject(1634,1539.70495605,1216.98583984,11.10981750,5.50000000,0.00000000,179.20997620); //
    CreateDynamicObject(1634,1539.69165039,1210.49877930,16.15981293,20.43865967,0.00000000,181.19396973); //
    CreateDynamicObject(1634,1539.98400879,1206.75744629,23.45980835,54.17956543,0.00000000,181.19201660); //
//=======================================DD=====================================
    CreateDynamicObject(8947,3144.59863281,-3322.54296875,2.96000004,0.00000000,0.00000000,180.00000000); //
    CreateDynamicObject(8947,3144.59863281,-3382.54296875,2.96000004,0.00000000,0.00000000,0.00000000); //
    CreateDynamicObject(8947,3244.59863281,-3382.54296875,2.96000004,0.00000000,0.00000000,0.00000000); //
    CreateDynamicObject(8947,3244.59863281,-3322.54296875,2.96000004,0.00000000,0.00000000,180.00000000); //
    CreateDynamicObject(8558,3220.07788086,-3312.82885742,4.48185062,0.00000000,0.00000000,0.00000000); //
    CreateDynamicObject(8558,3139.79833984,-3353.10986328,4.48185062,0.00000000,0.00000000,90.00000000); //
    CreateDynamicObject(8558,3171.68994141,-3392.24389648,4.48185062,0.00000000,0.00000000,180.00000000); //
    CreateDynamicObject(8558,3249.36718750,-3352.21289062,4.48185062,0.00000000,0.00000000,90.00000000); //
    CreateDynamicObject(8558,3211.68945312,-3392.24316406,4.48185062,0.00000000,0.00000000,179.99450684); //
    CreateDynamicObject(8558,3221.68945312,-3392.24316406,4.48185062,0.00000000,0.00000000,179.99450684); //
    CreateDynamicObject(8558,3181.69799805,-3312.85351562,4.48185062,0.00000000,0.00000000,0.00000000); //
    CreateDynamicObject(8558,3166.96386719,-3312.87646484,4.48185062,0.00000000,0.00000000,0.00000000); //
    CreateDynamicObject(8558,3159.79785156,-3352.21289062,4.48185062,0.00000000,0.00000000,180.00000000); //
    CreateDynamicObject(8558,3229.36669922,-3352.16308594,4.48185062,0.00000000,0.00000000,180.00000000); //
    CreateDynamicObject(1632,3206.23803711,-3352.21289062,6.91041899,0.00000000,0.00000000,90.00000000); //
    CreateDynamicObject(1632,3182.68774414,-3352.21289062,6.91041899,0.00000000,0.00000000,270.00000000); //
    CreateDynamicObject(8558,3195.22949219,-3380.19433594,4.48185062,0.00000000,0.00000000,269.98901367); //
    CreateDynamicObject(8558,3177.59082031,-3389.81933594,13.41183281,0.00000000,330.00000000,89.98352051); //
    CreateDynamicObject(8558,3195.22998047,-3325.19433594,4.48185062,0.00000000,0.00000000,269.98901367); //
    CreateDynamicObject(8558,3195.22949219,-3315.19433594,4.48185062,0.00000000,0.00000000,269.98901367); //
    CreateDynamicObject(8558,3195.22949219,-3390.19433594,4.48185062,0.00000000,0.00000000,269.98901367); //
    CreateDynamicObject(1632,3195.22998047,-3363.21313477,6.91041899,0.00000000,0.00000000,0.00000000); //
    CreateDynamicObject(1632,3195.22998047,-3342.01977539,6.91041899,0.00000000,0.00000000,180.00000000); //
    CreateDynamicObject(8558,3195.22949219,-3408.19433594,4.48185062,0.00000000,0.00000000,359.98901367); //
    CreateDynamicObject(8558,3212.86621094,-3389.89916992,13.41183281,0.00000000,329.99633789,89.98352051); //
    CreateDynamicObject(8558,3195.22949219,-3297.19433594,4.48185062,0.00000000,0.00000000,359.98901367); //
    CreateDynamicObject(8558,3212.86621094,-3315.49853516,13.41183281,0.00000000,329.99633789,269.98352051); //
    CreateDynamicObject(8558,3177.56616211,-3315.49804688,13.41183281,0.00000000,329.99633789,269.97802734); //
    CreateDynamicObject(8558,3212.85156250,-3353.01147461,23.30684662,0.00000000,0.00000000,269.98901367); //
    CreateDynamicObject(8558,3212.84204102,-3352.41772461,23.30684662,0.00000000,0.00000000,269.98901367); //
    CreateDynamicObject(8558,3177.61718750,-3352.39062500,23.30684662,0.00000000,0.00000000,269.98901367); //
    CreateDynamicObject(8558,3177.55957031,-3352.90820312,23.30684662,0.00000000,0.00000000,269.98901367); //
    CreateDynamicObject(8558,3195.02319336,-3370.33544922,23.30684662,0.00000000,0.00000000,0.00000000); //
    CreateDynamicObject(8558,3195.11596680,-3334.85034180,23.30684662,0.00000000,0.00000000,0.00000000); //
    CreateDynamicObject(8558,3157.55957031,-3352.90820312,23.30684662,0.00000000,0.00000000,359.98901367); //
    CreateDynamicObject(8558,3137.55957031,-3352.90820312,23.30684662,0.00000000,0.00000000,89.98352051); //
    CreateDynamicObject(8558,3233.85522461,-3352.21289062,23.30684662,0.00000000,0.00000000,0.00000000); //
    CreateDynamicObject(8558,3137.55957031,-3392.90820312,23.30684662,0.00000000,0.00000000,89.98352051); //
    CreateDynamicObject(8558,3137.55957031,-3312.90820312,23.30684662,0.00000000,0.00000000,89.98352051); //
    CreateDynamicObject(8558,3155.09960938,-3412.90820312,23.30684662,0.00000000,0.00000000,179.98352051); //
    CreateDynamicObject(8558,3155.15966797,-3292.90820312,23.30684662,0.00000000,0.00000000,179.98352051); //
    CreateDynamicObject(8558,3251.43261719,-3352.41699219,23.30684662,0.00000000,0.00000000,269.98901367); //
    CreateDynamicObject(8558,3195.09960938,-3412.90820312,23.30684662,0.00000000,0.00000000,179.98352051); //
    CreateDynamicObject(8558,3233.69970703,-3412.90820312,23.30684662,0.00000000,0.00000000,179.98352051); //
    CreateDynamicObject(8558,3251.39697266,-3392.48779297,23.30684662,0.00000000,0.00000000,269.98901367); //
    CreateDynamicObject(8558,3251.43261719,-3312.41699219,23.30684662,0.00000000,0.00000000,269.98901367); //
    CreateDynamicObject(8558,3195.15917969,-3292.90820312,23.30684662,0.00000000,0.00000000,179.98352051); //
    CreateDynamicObject(8558,3233.79931641,-3292.90820312,23.30684662,0.00000000,0.00000000,179.98352051); //
    CreateDynamicObject(8558,3195.22949219,-3390.19433594,23.30684662,0.00000000,0.00000000,269.98901367); //
    CreateDynamicObject(8558,3157.55957031,-3352.90820312,23.30684662,0.00000000,0.00000000,89.98352051); //
    CreateDynamicObject(8558,3195.22949219,-3315.19433594,23.30684662,0.00000000,0.00000000,269.98901367); //
    CreateDynamicObject(8558,3233.85449219,-3352.21289062,23.30684662,0.00000000,0.00000000,270.00000000); //
    CreateDynamicObject(8558,3194.44042969,-3390.19433594,23.30684662,0.00000000,0.00000000,359.98901367); //
    CreateDynamicObject(8558,3177.44042969,-3390.19433594,23.30684662,0.00000000,0.00000000,359.98352051); //
    CreateDynamicObject(8558,3157.55957031,-3372.50830078,23.30684662,0.00000000,0.00000000,89.98352051); //
    CreateDynamicObject(8558,3214.44042969,-3390.19433594,23.30684662,0.00000000,0.00000000,359.98352051); //
    CreateDynamicObject(8558,3233.85449219,-3372.61279297,23.30684662,0.00000000,0.00000000,270.00000000); //
    CreateDynamicObject(8558,3195.22949219,-3315.19433594,23.30684662,0.00000000,0.00000000,179.98901367); //
    CreateDynamicObject(8558,3175.22949219,-3315.19433594,23.30684662,0.00000000,0.00000000,179.98352051); //
    CreateDynamicObject(8558,3215.22949219,-3315.19433594,23.30684662,0.00000000,0.00000000,179.98352051); //
    CreateDynamicObject(8558,3233.85449219,-3332.87109375,23.30684662,0.00000000,0.00000000,270.00000000); //
    CreateDynamicObject(8558,3157.55957031,-3332.90820312,23.30684662,0.00000000,0.00000000,89.98352051); //
    CreateDynamicObject(1225,3251.51416016,-3394.46923828,6.41929913,0.00000000,0.00000000,0.00000000); //
    CreateDynamicObject(1225,3251.54101562,-3310.77343750,6.41929913,0.00000000,0.00000000,0.00000000); //
    CreateDynamicObject(1225,3137.59423828,-3310.64672852,6.41929913,0.00000000,0.00000000,0.00000000); //
    CreateDynamicObject(1225,3137.61450195,-3394.42456055,6.41929913,0.00000000,0.00000000,0.00000000); //
    CreateDynamicObject(1225,3237.72119141,-3334.35449219,6.41929913,0.00000000,0.00000000,0.00000000); //
    CreateDynamicObject(1225,3237.81616211,-3370.75097656,6.41929913,0.00000000,0.00000000,0.00000000); //
    CreateDynamicObject(1225,3151.44555664,-3370.89794922,6.41929913,0.00000000,0.00000000,0.00000000); //
    CreateDynamicObject(1225,3151.42944336,-3334.30053711,6.41929913,0.00000000,0.00000000,0.00000000); //
//==============================================================================


	//==================================[SKINS]=================================

	AddPlayerClass(1,-347.3602,1527.8715,75.3570,212.9365,43,100,0,0,0,0); // Spawnz
	AddPlayerClass(7,-347.3602,1527.8715,75.3570,212.9365,43,100,0,0,0,0); // Spawnz
	AddPlayerClass(12,-347.3602,1527.8715,75.3570,212.9365,43,100,0,0,0,0); // Spawnz
	AddPlayerClass(13,-347.3602,1527.8715,75.3570,212.9365,43,100,0,0,0,0); // Spawnz
	AddPlayerClass(19,-347.3602,1527.8715,75.3570,212.9365,43,100,0,0,0,0); // Spawnz
	AddPlayerClass(21,-347.3602,1527.8715,75.3570,212.9365,43,100,0,0,0,0); // Spawnz
	AddPlayerClass(23,-347.3602,1527.8715,75.3570,212.9365,43,100,0,0,0,0); // Spawnz
	AddPlayerClass(28,-347.3602,1527.8715,75.3570,212.9365,43,100,0,0,0,0); // Spawnz
	AddPlayerClass(29,-347.3602,1527.8715,75.3570,212.9365,43,100,0,0,0,0); // Spawnz
	AddPlayerClass(34,-347.3602,1527.8715,75.3570,212.9365,43,100,0,0,0,0); // Spawnz
	AddPlayerClass(41,-347.3602,1527.8715,75.3570,212.9365,43,100,0,0,0,0); // Spawnz
	AddPlayerClass(44,-347.3602,1527.8715,75.3570,212.9365,43,100,0,0,0,0); // Spawnz
	AddPlayerClass(46,-347.3602,1527.8715,75.3570,212.9365,43,100,0,0,0,0); // Spawnz
	AddPlayerClass(47,-347.3602,1527.8715,75.3570,212.9365,43,100,0,0,0,0); // Spawnz
	AddPlayerClass(49,-347.3602,1527.8715,75.3570,212.9365,43,100,0,0,0,0); // Spawnz
	AddPlayerClass(55,-347.3602,1527.8715,75.3570,212.9365,43,100,0,0,0,0); // Spawnz
	AddPlayerClass(59,-347.3602,1527.8715,75.3570,212.9365,43,100,0,0,0,0); // Spawnz
	AddPlayerClass(60,-347.3602,1527.8715,75.3570,212.9365,43,100,0,0,0,0); // Spawnz
	AddPlayerClass(56,-347.3602,1527.8715,75.3570,212.9365,43,100,0,0,0,0); // Spawnz
	AddPlayerClass(67,-347.3602,1527.8715,75.3570,212.9365,43,100,0,0,0,0); // Spawnz
	AddPlayerClass(73,-347.3602,1527.8715,75.3570,212.9365,43,100,0,0,0,0); // Spawnz
	AddPlayerClass(78,-347.3602,1527.8715,75.3570,212.9365,43,100,0,0,0,0); // Spawnz
	AddPlayerClass(87,-347.3602,1527.8715,75.3570,212.9365,43,100,0,0,0,0); // Spawnz
	AddPlayerClass(85,-347.3602,1527.8715,75.3570,212.9365,43,100,0,0,0,0); // Spawnz
	AddPlayerClass(93,-347.3602,1527.8715,75.3570,212.9365,43,100,0,0,0,0); // Spawnz
	AddPlayerClass(100,-347.3602,1527.8715,75.3570,212.9365,43,100,0,0,0,0); // Spawnz
	AddPlayerClass(102,-347.3602,1527.8715,75.3570,212.9365,43,100,0,0,0,0); // Spawnz
	AddPlayerClass(104,-347.3602,1527.8715,75.3570,212.9365,43,100,0,0,0,0); // Spawnz
	AddPlayerClass(106,-347.3602,1527.8715,75.3570,212.9365,43,100,0,0,0,0); // Spawnz
	AddPlayerClass(107,-347.3602,1527.8715,75.3570,212.9365,43,100,0,0,0,0); // Spawnz
	AddPlayerClass(108,-347.3602,1527.8715,75.3570,212.9365,43,100,0,0,0,0); // Spawnz
	AddPlayerClass(113,-347.3602,1527.8715,75.3570,212.9365,43,100,0,0,0,0); // Spawnz
	AddPlayerClass(114,-347.3602,1527.8715,75.3570,212.9365,43,100,0,0,0,0); // Spawnz
	AddPlayerClass(115,-347.3602,1527.8715,75.3570,212.9365,43,100,0,0,0,0); // Spawnz
	AddPlayerClass(116,-347.3602,1527.8715,75.3570,212.9365,43,100,0,0,0,0); // Spawnz
	AddPlayerClass(122,-347.3602,1527.8715,75.3570,212.9365,43,100,0,0,0,0); // Spawnz
	AddPlayerClass(123,-347.3602,1527.8715,75.3570,212.9365,43,100,0,0,0,0); // Spawnz
	AddPlayerClass(126,-347.3602,1527.8715,75.3570,212.9365,43,100,0,0,0,0); // Spawnz
	AddPlayerClass(133,-347.3602,1527.8715,75.3570,212.9365,43,100,0,0,0,0); // Spawnz
	AddPlayerClass(134,-347.3602,1527.8715,75.3570,212.9365,43,100,0,0,0,0); // Spawnz
	AddPlayerClass(152,-347.3602,1527.8715,75.3570,212.9365,43,100,0,0,0,0); // Spawnz
	AddPlayerClass(174,-347.3602,1527.8715,75.3570,212.9365,43,100,0,0,0,0); // Spawnz
	AddPlayerClass(175,-347.3602,1527.8715,75.3570,212.9365,43,100,0,0,0,0); // Spawnz
	AddPlayerClass(176,-347.3602,1527.8715,75.3570,212.9365,43,100,0,0,0,0); // Spawnz
	AddPlayerClass(177,-347.3602,1527.8715,75.3570,212.9365,43,100,0,0,0,0); // Spawnz
	AddPlayerClass(180,-347.3602,1527.8715,75.3570,212.9365,43,100,0,0,0,0); // Spawnz
	AddPlayerClass(181,-347.3602,1527.8715,75.3570,212.9365,43,100,0,0,0,0); // Spawnz
	AddPlayerClass(184,-347.3602,1527.8715,75.3570,212.9365,43,100,0,0,0,0); // Spawnz
	AddPlayerClass(185,-347.3602,1527.8715,75.3570,212.9365,43,100,0,0,0,0); // Spawnz
	AddPlayerClass(188,-347.3602,1527.8715,75.3570,212.9365,43,100,0,0,0,0); // Spawnz
	AddPlayerClass(191,-347.3602,1527.8715,75.3570,212.9365,43,100,0,0,0,0); // Spawnz
	AddPlayerClass(192,-347.3602,1527.8715,75.3570,212.9365,43,100,0,0,0,0); // Spawnz
	AddPlayerClass(193,-347.3602,1527.8715,75.3570,212.9365,43,100,0,0,0,0); // Spawnz
	AddPlayerClass(194,-347.3602,1527.8715,75.3570,212.9365,43,100,0,0,0,0); // Spawnz
	AddPlayerClass(195,-347.3602,1527.8715,75.3570,212.9365,43,100,0,0,0,0); // Spawnz
	AddPlayerClass(206,-347.3602,1527.8715,75.3570,212.9365,43,100,0,0,0,0); // Spawnz
	AddPlayerClass(209,-347.3602,1527.8715,75.3570,212.9365,43,100,0,0,0,0); // Spawnz
	AddPlayerClass(217,-347.3602,1527.8715,75.3570,212.9365,43,100,0,0,0,0); // Spawnz
	AddPlayerClass(237,-347.3602,1527.8715,75.3570,212.9365,43,100,0,0,0,0); // Spawnz
	AddPlayerClass(241,-347.3602,1527.8715,75.3570,212.9365,43,100,0,0,0,0); // Spawnz
	AddPlayerClass(250,-347.3602,1527.8715,75.3570,212.9365,43,100,0,0,0,0); // Spawnz
	AddPlayerClass(255,-347.3602,1527.8715,75.3570,212.9365,43,100,0,0,0,0); // Spawnz
	AddPlayerClass(265,-347.3602,1527.8715,75.3570,212.9365,43,100,0,0,0,0); // Spawnz
	AddPlayerClass(271,-347.3602,1527.8715,75.3570,212.9365,43,100,0,0,0,0); // Spawnz
	AddPlayerClass(270,-347.3602,1527.8715,75.3570,212.9365,43,100,0,0,0,0); // Spawnz
	AddPlayerClass(285,-347.3602,1527.8715,75.3570,212.9365,43,100,0,0,0,0); // Spawnz
	AddPlayerClass(291,-347.3602,1527.8715,75.3570,212.9365,43,100,0,0,0,0); // Spawnz
	AddPlayerClass(292,-347.3602,1527.8715,75.3570,212.9365,43,100,0,0,0,0); // Spawnz
	AddPlayerClass(293,-347.3602,1527.8715,75.3570,212.9365,43,100,0,0,0,0); // Spawnz
	AddPlayerClass(294,-347.3602,1527.8715,75.3570,212.9365,43,100,0,0,0,0); // Spawnz
	AddPlayerClass(296,-347.3602,1527.8715,75.3570,212.9365,43,100,0,0,0,0); // Spawnz
	AddPlayerClass(297,-347.3602,1527.8715,75.3570,212.9365,43,100,0,0,0,0); // Spawnz
	AddPlayerClass(298,-347.3602,1527.8715,75.3570,212.9365,43,100,0,0,0,0); // Spawnz
	AddPlayerClass(299,-347.3602,1527.8715,75.3570,212.9365,43,100,0,0,0,0); // Spawnz
	AddPlayerClass(264,-347.3602,1527.8715,75.3570,212.9365,43,100,0,0,0,0); // Spawnz


//===============================Veiculos=======================================
//============================AeroLS============================================
	AddStaticVehicleEx(592,1441.72778320,-2494.13330078,14.55468750,270.00000000,-1,-1,15); //Andromada
	AddStaticVehicleEx(487,1399.64172363,-2456.80371094,13.81968784,0.00000000,-1,-1,15); //Maverick
	AddStaticVehicleEx(487,1414.95690918,-2457.29223633,13.81968784,0.00000000,-1,-1,15); //Maverick
	AddStaticVehicleEx(519,1419.01855469,-2420.34252930,14.55475998,220.00000000,-1,-1,15); //Shamal
	AddStaticVehicleEx(519,1449.59399414,-2416.99926758,14.55475998,220.00000000,-1,-1,15); //Shamal
	AddStaticVehicleEx(513,1470.43493652,-2414.70068359,14.33944416,180.00000000,-1,-1,15); //Stunt
	AddStaticVehicleEx(513,1487.39208984,-2415.06933594,14.33944416,180.00000000,-1,-1,15); //Stunt
	AddStaticVehicleEx(522,1400.55859375,-2409.23071289,13.21506500,180.00000000,-1,-1,15); //NRG-500
	AddStaticVehicleEx(522,1397.37561035,-2409.59448242,13.21506500,180.00000000,-1,-1,15); //NRG-500
	AddStaticVehicleEx(522,1394.63623047,-2409.82836914,13.21506500,180.00000000,-1,-1,15); //NRG-500
	AddStaticVehicleEx(522,1391.09887695,-2410.00292969,13.21506500,180.00000000,-1,-1,15); //NRG-500
	AddStaticVehicleEx(522,1391.17395020,-2415.11596680,13.21506500,180.00000000,-1,-1,15); //NRG-500
	AddStaticVehicleEx(522,1394.83142090,-2414.57128906,13.21506500,180.00000000,-1,-1,15); //NRG-500
	AddStaticVehicleEx(522,1397.54931641,-2413.97802734,13.21506500,180.00000000,-1,-1,15); //NRG-500
	AddStaticVehicleEx(522,1400.69567871,-2413.47070312,13.21506500,180.00000000,-1,-1,15); //NRG-500
	AddStaticVehicleEx(481,1401.29321289,-2418.26855469,13.16346359,190.00000000,-1,-1,15); //BMX
	AddStaticVehicleEx(481,1397.64489746,-2418.53466797,13.16346359,189.99755859,-1,-1,15); //BMX
	AddStaticVehicleEx(481,1394.80480957,-2418.66235352,13.16346359,189.99755859,-1,-1,15); //BMX
	AddStaticVehicleEx(481,1390.93579102,-2418.69433594,13.16346359,189.99755859,-1,-1,15); //BMX
//=================================AeroSF=======================================
	AddStaticVehicleEx(522,-1696.17395020,-194.50793457,13.80881500,0.00000000,-1,-1,15); //NRG-500
	AddStaticVehicleEx(522,-1693.76501465,-196.22325134,13.80881500,0.00000000,-1,-1,15); //NRG-500
	AddStaticVehicleEx(522,-1691.68481445,-198.38162231,13.80881500,0.00000000,-1,-1,15); //NRG-500
	AddStaticVehicleEx(522,-1689.82214355,-200.68826294,13.80881500,0.00000000,-1,-1,15); //NRG-500
	AddStaticVehicleEx(481,-1696.24316406,-190.63319397,13.75721359,0.00000000,-1,-1,15); //BMX
	AddStaticVehicleEx(481,-1693.45202637,-192.53662109,13.75721359,0.00000000,-1,-1,15); //BMX
	AddStaticVehicleEx(481,-1691.62597656,-194.96963501,13.75721359,0.00000000,-1,-1,15); //BMX
	AddStaticVehicleEx(481,-1689.57885742,-197.36650085,13.75721359,0.00000000,-1,-1,15); //BMX
	AddStaticVehicleEx(568,-1685.25170898,-207.03189087,14.12343788,0.00000000,-1,-1,15); //Bandito
	AddStaticVehicleEx(568,-1681.58886719,-210.73268127,14.12343788,0.00000000,-1,-1,15); //Bandito
	AddStaticVehicleEx(557,-1675.38244629,-208.13650513,14.64843750,0.00000000,-1,-1,15); //Monster B
	AddStaticVehicleEx(553,-1646.08325195,-153.13435364,16.38343811,316.00000000,-1,-1,15); //Nevada
	AddStaticVehicleEx(513,-1664.01599121,-216.44250488,14.93319416,0.00000000,-1,-1,15); //Stunt
	AddStaticVehicleEx(513,-1648.27697754,-217.08514404,14.93319416,0.00000000,-1,-1,15); //Stunt
	AddStaticVehicleEx(512,-1631.62536621,-218.97276306,14.78243732,0.00000000,-1,-1,15); //Cropdust
	AddStaticVehicleEx(487,-1674.56713867,-234.42117310,14.40896606,0.00000000,-1,-1,15); //Maverick
	AddStaticVehicleEx(487,-1655.44567871,-234.89404297,14.41343784,0.00000000,-1,-1,15); //Maverick
//==================================AeroLV======================================
	AddStaticVehicleEx(522,1548.36486816,1791.26013184,10.48069000,90.00000000,-1,-1,15); //NRG-500
	AddStaticVehicleEx(481,1536.25671387,1789.85461426,10.42908859,85.99548340,-1,-1,15); //BMX
	AddStaticVehicleEx(522,1548.10534668,1796.83288574,10.48069000,90.00000000,-1,-1,15); //NRG-500
	AddStaticVehicleEx(522,1547.89050293,1801.93359375,10.48069000,90.00000000,-1,-1,15); //NRG-500
	AddStaticVehicleEx(522,1547.76916504,1807.06005859,10.48069000,90.00000000,-1,-1,15); //NRG-500
	AddStaticVehicleEx(522,1542.10864258,1807.23376465,10.48069000,90.00000000,-1,-1,15); //NRG-500
	AddStaticVehicleEx(522,1541.92993164,1801.87219238,10.48069000,90.00000000,-1,-1,15); //NRG-500
	AddStaticVehicleEx(522,1542.60620117,1796.40136719,10.48069000,90.00000000,-1,-1,15); //NRG-500
	AddStaticVehicleEx(522,1542.69226074,1790.73242188,10.48069000,90.00000000,-1,-1,15); //NRG-500
	AddStaticVehicleEx(481,1535.29785156,1795.97119141,10.42908859,85.99548340,-1,-1,15); //BMX
	AddStaticVehicleEx(481,1534.82348633,1801.59289551,10.42908859,85.99548340,-1,-1,15); //BMX
	AddStaticVehicleEx(481,1534.02404785,1808.14184570,10.42908859,85.99548340,-1,-1,15); //BMX
	AddStaticVehicleEx(593,1544.61999512,1774.61267090,11.37049484,92.00000000,-1,-1,15); //Dodo
	AddStaticVehicleEx(593,1545.02258301,1754.69250488,11.37049484,91.99951172,-1,-1,15); //Dodo
	AddStaticVehicleEx(593,1545.23718262,1737.21850586,11.37049484,91.99951172,-1,-1,15); //Dodo
	AddStaticVehicleEx(513,1510.62414551,1736.13330078,11.60506916,94.00000000,-1,-1,15); //Stunt
	AddStaticVehicleEx(513,1510.99670410,1754.09765625,11.60506916,93.99902344,-1,-1,15); //Stunt
	AddStaticVehicleEx(513,1509.99365234,1775.95422363,11.60506916,93.99902344,-1,-1,15); //Stunt
	AddStaticVehicleEx(469,1508.92895508,1717.21020508,10.92031288,0.00000000,-1,-1,15); //Sparrow
	AddStaticVehicleEx(487,1525.41137695,1716.13037109,11.08531284,0.00000000,-1,-1,15); //Maverick
	AddStaticVehicleEx(563,1543.11791992,1714.39367676,11.70606232,0.00000000,-1,-1,15); //Raindance
//============================Guerra TANK=======================================
    AddStaticVehicleEx(432,-2367.45678711,3648.42187500,215.97785950,180.00000000,-1,-1,15); //Rhino
    AddStaticVehicleEx(432,-2381.55981445,3647.95849609,216.22930908,180.00000000,-1,-1,15); //Rhino
    AddStaticVehicleEx(432,-2393.31591797,3647.65039062,216.22930908,180.00000000,-1,-1,15); //Rhino
    AddStaticVehicleEx(432,-2406.95214844,3647.57446289,216.22930908,180.00000000,-1,-1,15); //Rhino
    AddStaticVehicleEx(432,-2418.97143555,3647.53442383,216.27903748,180.00000000,-1,-1,15); //Rhino
    AddStaticVehicleEx(432,-2430.79663086,3647.67114258,216.27903748,180.00000000,-1,-1,15); //Rhino
    AddStaticVehicleEx(432,-2442.36328125,3647.85180664,216.27903748,180.00000000,-1,-1,15); //Rhino
    AddStaticVehicleEx(432,-2455.24829102,3647.88427734,216.27903748,180.00000000,-1,-1,15); //Rhino
    AddStaticVehicleEx(432,-2467.51318359,3648.25463867,216.27903748,180.00000000,-1,-1,15); //Rhino
    AddStaticVehicleEx(432,-2481.24121094,3648.36254883,216.27903748,180.00000000,-1,-1,15); //Rhino
    AddStaticVehicleEx(432,-2495.36352539,3648.62280273,216.27903748,180.00000000,-1,-1,15); //Rhino
    AddStaticVehicleEx(432,-2507.11645508,3648.19775391,216.27903748,180.00000000,-1,-1,15); //Rhino
    AddStaticVehicleEx(432,-2520.26489258,3648.32373047,216.27903748,180.00000000,-1,-1,15); //Rhino
    AddStaticVehicleEx(432,-2532.30078125,3648.27954102,216.27903748,180.00000000,-1,-1,15); //Rhino
//==============================================================================

    AddStaticVehicleEx(562,2312.56665039,1391.56884766,42.57386017,0.00000000,1,1,60);
    AddStaticVehicleEx(562,2309.04443359,1391.54113770,42.57386017,0.00000000,1,1,60);
    AddStaticVehicleEx(562,2305.86376953,1391.58117676,42.57386017,0.00000000,1,1,60);
    AddStaticVehicleEx(562,2302.38256836,1391.55383301,42.57386017,0.00000000,1,1,60);
    AddStaticVehicleEx(562,2299.32763672,1391.51684570,42.57386017,0.00000000,1,1,60);
    AddStaticVehicleEx(562,2295.69116211,1391.64807129,42.57386017,0.00000000,1,1,60);
    AddStaticVehicleEx(562,2292.42871094,1391.59570312,42.57386017,0.00000000,1,1,60);
    AddStaticVehicleEx(562,2289.09375000,1391.64794922,42.57386017,0.00000000,1,1,60);
    AddStaticVehicleEx(562,2285.66430664,1391.63073730,42.57386017,0.00000000,1,1,60);
    AddStaticVehicleEx(562,2282.28417969,1391.50976562,42.57386017,0.00000000,1,1,60);
    AddStaticVehicleEx(562,2278.97216797,1391.34899902,42.57386017,0.00000000,1,1,60);
    AddStaticVehicleEx(562,-314.73046875,1515.99609375,75.11050415,0.00000000,1,1,60);
    AddStaticVehicleEx(562,-317.89501953,1515.96191406,75.11050415,0.00000000,1,1,60);
    AddStaticVehicleEx(562,-321.23141479,1515.91711426,75.11292267,0.00000000,1,1,60);
    AddStaticVehicleEx(562,-324.08343506,1515.91711426,75.11292267,0.00000000,1,1,60);
    AddStaticVehicleEx(562,-327.34359741,1515.77172852,75.11292267,0.00000000,1,1,60);
    AddStaticVehicleEx(562,-330.53503418,1515.77673340,75.11292267,0.00000000,1,1,60);
    AddStaticVehicleEx(562,-333.61688232,1516.02087402,75.11292267,0.00000000,1,1,60);
    AddStaticVehicleEx(562,-336.69650269,1515.94543457,75.11292267,0.00000000,1,1,60);
    AddStaticVehicleEx(562,-339.71035767,1515.97424316,75.11292267,0.00000000,1,1,60);
    AddStaticVehicleEx(562,-342.86050415,1515.87048340,75.11292267,0.00000000,1,1,60);
    AddStaticVehicleEx(562,-345.86752319,1516.03454590,75.11292267,0.00000000,1,1,60);
    AddStaticVehicleEx(562,-2402.69726562,-584.49414062,132.40199280,125.99670410,1,1,60);
    AddStaticVehicleEx(562,-2400.97949219,-586.89746094,132.40199280,125.99670410,1,1,60);
    AddStaticVehicleEx(562,-2399.23339844,-589.40820312,132.40199280,125.99670410,1,1,60);
    AddStaticVehicleEx(562,-2397.59179688,-591.73828125,132.40199280,125.99670410,1,1,60);
    AddStaticVehicleEx(562,-2395.86621094,-594.20996094,132.40199280,123.99719238,1,1,60);
    AddStaticVehicleEx(562,-2394.17480469,-596.58789062,132.40199280,123.99719238,1,1,60);
    AddStaticVehicleEx(562,-2392.37792969,-599.15820312,132.40199280,125.99670410,1,1,60);
    AddStaticVehicleEx(562,-2390.70703125,-601.56347656,132.40199280,125.99670410,1,1,60);
    AddStaticVehicleEx(506,1065.38256836,2426.31054688,10.61242580,0.00000000,-1,-1,60);
    AddStaticVehicleEx(541,1060.94201660,2426.00659180,10.52031231,0.00000000,-1,-1,60);
    AddStaticVehicleEx(415,1056.77819824,2426.07568359,10.66983414,0.00000000,-1,-1,60);
    AddStaticVehicleEx(411,1052.60058594,2426.15942383,10.62031269,0.00000000,-1,-1,60);
    AddStaticVehicleEx(402,1049.06567383,2426.54736328,10.76031208,0.00000000,-1,-1,60);
    AddStaticVehicleEx(504,1045.16088867,2426.54614258,10.76031208,0.00000000,6,1,60);
    AddStaticVehicleEx(503,1041.27075195,2426.66015625,10.78980255,0.00000000,-1,-1,60);
    AddStaticVehicleEx(502,1037.57507324,2426.56250000,10.78980255,0.00000000,-1,-1,60);
    AddStaticVehicleEx(494,1070.00720215,2426.64086914,10.79031277,0.00000000,-1,-1,60);
    AddStaticVehicleEx(589,1069.92712402,2434.39892578,10.53723812,0.00000000,-1,-1,60);
    AddStaticVehicleEx(495,1065.16296387,2434.15454102,11.38038635,0.00000000,-1,-1,60);
    AddStaticVehicleEx(535,1060.83496094,2434.20141602,10.66031265,0.00000000,-1,-1,60);
    AddStaticVehicleEx(475,1056.82226562,2434.32836914,10.72031212,0.00000000,-1,-1,60);
    AddStaticVehicleEx(603,1052.58789062,2434.19360352,10.82298756,0.00000000,-1,-1,60);
    AddStaticVehicleEx(565,1048.80517578,2434.58959961,10.51224327,0.00000000,-1,-1,60);
    AddStaticVehicleEx(559,1044.89843750,2434.19433594,10.57437611,0.00000000,-1,-1,60);
    AddStaticVehicleEx(541,1040.98754883,2434.58837891,10.52031231,0.00000000,-1,-1,60);
    AddStaticVehicleEx(506,1037.38806152,2434.57104492,10.61242580,0.00000000,-1,-1,60);
    AddStaticVehicleEx(558,1037.36474609,2442.68481445,10.52410412,0.00000000,-1,-1,60);
    AddStaticVehicleEx(560,1040.61389160,2442.37768555,10.62528801,0.00000000,-1,-1,60);
    AddStaticVehicleEx(562,1044.85473633,2442.36938477,10.57386208,0.00000000,-1,-1,60);
    AddStaticVehicleEx(562,1048.72692871,2442.53295898,10.57386208,0.00000000,-1,-1,60);
    AddStaticVehicleEx(477,1052.54858398,2442.46484375,10.67031288,0.00000000,-1,-1,60);
    AddStaticVehicleEx(451,1056.68359375,2442.40429688,10.58468437,0.00000000,-1,-1,60);
    AddStaticVehicleEx(429,1060.64135742,2442.66479492,10.57031250,0.00000000,-1,-1,60);
    AddStaticVehicleEx(411,1065.20886230,2442.45703125,10.62031269,0.00000000,-1,-1,60);
    AddStaticVehicleEx(411,1069.97863770,2442.56738281,10.62031269,0.00000000,-1,-1,60);
    AddStaticVehicleEx(402,1069.96447754,2450.46923828,10.76031208,0.00000000,-1,-1,60);
    AddStaticVehicleEx(506,1065.28125000,2450.62133789,10.61242580,0.00000000,-1,-1,60);
    AddStaticVehicleEx(558,1060.86999512,2450.58935547,10.52410412,0.00000000,-1,-1,60);
    AddStaticVehicleEx(560,1056.78955078,2450.39624023,10.62528801,0.00000000,-1,-1,60);
    AddStaticVehicleEx(565,1052.81286621,2450.46899414,10.51224327,0.00000000,-1,-1,60);
    AddStaticVehicleEx(602,1048.87890625,2450.16308594,10.72031212,0.00000000,-1,-1,60);
    AddStaticVehicleEx(587,1044.62963867,2450.25732422,10.63031292,0.00000000,-1,-1,60);
    AddStaticVehicleEx(603,1040.79223633,2450.01684570,10.82298756,0.00000000,-1,-1,60);
    AddStaticVehicleEx(542,1037.10046387,2450.26684570,10.66371059,0.00000000,-1,-1,60);
    AddStaticVehicleEx(411,1535.58886719,-1668.49621582,13.18281269,0.00000000,3,1,60);
    AddStaticVehicleEx(411,1535.61499023,-1677.37744141,13.18281269,0.00000000,3,1,60);
    AddStaticVehicleEx(415,1521.02050781,-1680.53088379,13.39639664,270.00000000,-1,1,60);
    AddStaticVehicleEx(415,1520.98828125,-1666.27856445,13.39639664,270.00000000,-1,1,60);
    AddStaticVehicleEx(562,1520.51586914,-1673.70703125,13.30042458,270.00000000,1,1,60);
    AddStaticVehicleEx(562,-1793.11645508,1294.16967773,59.48792267,356.00000000,1,1,60);
    AddStaticVehicleEx(562,-1799.02685547,1294.53515625,59.48792267,354.00000000,1,1,60);
    AddStaticVehicleEx(562,-1804.63305664,1294.78405762,59.48792267,358.00000000,1,1,60);
    AddStaticVehicleEx(562,-1811.39404297,1294.67590332,59.48792267,2.00000000,1,1,60);
    AddStaticVehicleEx(562,-1817.25939941,1294.14440918,59.48792267,6.00000000,1,1,60);
    AddStaticVehicleEx(562,-1824.46203613,1292.59033203,59.48625946,20.00000000,1,1,60);
    AddStaticVehicleEx(562,-1829.96362305,1290.53381348,59.48625946,20.00000000,1,1,60);
    AddStaticVehicleEx(562,-1835.51599121,1288.47753906,59.48625946,20.00000000,1,1,60);
    AddStaticVehicleEx(522,2040.50866699,963.78704834,10.03424644,180.00000000,-1,6,60);
    AddStaticVehicleEx(522,2039.82849121,965.02386475,10.05538845,182.00000000,-1,126,60);
    AddStaticVehicleEx(522,2075.96289062,964.42266846,10.02024269,180.00000000,1,1,60);
    AddStaticVehicleEx(522,2073.99536133,964.35101318,10.02024269,180.00000000,-1,-1,60);
    AddStaticVehicleEx(411,2069.73022461,865.69879150,6.58973074,177.99993896,-1,1,60);
    AddStaticVehicleEx(411,2063.63964844,865.67999268,6.59389019,179.99993896,126,126,60);
    AddStaticVehicleEx(411,2070.00561523,877.10919189,6.84576368,179.99993896,6,1,60);
    AddStaticVehicleEx(411,2063.14038086,876.92492676,6.84700251,179.99993896,-1,-1,60);
    AddStaticVehicleEx(562,2045.39184570,865.48510742,6.53385639,180.00000000,126,126,60);
    AddStaticVehicleEx(562,2051.65112305,865.34399414,6.53978729,179.99963379,-1,-1,60);
    AddStaticVehicleEx(562,2045.18066406,877.05255127,6.79805470,180.00000000,-1,1,60);
    AddStaticVehicleEx(562,2051.57495117,877.25030518,6.80186176,180.00000000,6,1,60);
    AddStaticVehicleEx(411,-2684.66967773,1257.06713867,55.22968674,0.00000000,-1,-1,60);
    AddStaticVehicleEx(415,-2678.09912109,1258.69836426,55.27920914,6.00000000,-1,-1,60);
    AddStaticVehicleEx(451,-2693.40576172,1249.65368652,55.19406128,12.00000000,-1,-1,60);
    AddStaticVehicleEx(451,-2694.67065430,1255.62292480,55.19406128,12.00000000,-1,-1,60);
    AddStaticVehicleEx(411,-2684.71044922,1250.38500977,55.22968674,0.00000000,-1,-1,60);
    AddStaticVehicleEx(415,-2677.29589844,1251.14404297,55.27920914,6.00000000,-1,-1,60);
    AddStaticVehicleEx(402,-2667.77172852,1252.31250000,55.36968613,351.99707031,-1,-1,60);
    AddStaticVehicleEx(402,-2667.04492188,1258.74816895,55.36968613,349.99707031,-1,-1,60);
    AddStaticVehicleEx(562,1251.48876953,-2009.67517090,59.41670990,180.00000000,1,1,60);
    AddStaticVehicleEx(562,1256.49023438,-2009.73999023,59.27377319,180.00000000,1,1,60);
    AddStaticVehicleEx(562,1260.94738770,-2009.70922852,59.14639664,180.00000000,1,1,60);
    AddStaticVehicleEx(562,1264.97937012,-2009.76184082,59.03116989,180.00000000,1,1,60);
    AddStaticVehicleEx(562,1269.54345703,-2009.59533691,58.90073395,180.00000000,1,1,60);
    AddStaticVehicleEx(562,1273.77148438,-2009.62109375,58.77988434,180.00000000,1,1,60);
    AddStaticVehicleEx(562,-429.49407959,1348.57849121,28.73793030,192.00000000,1,1,60);
    AddStaticVehicleEx(562,-433.01260376,1347.99169922,28.46343231,191.99707031,1,1,60);
    AddStaticVehicleEx(562,-436.44021606,1347.26501465,27.98152542,191.99707031,1,1,60);
    AddStaticVehicleEx(562,-440.38555908,1346.89355469,27.46712303,191.99707031,1,1,60);
    AddStaticVehicleEx(562,-444.58758545,1346.55664062,26.92434311,191.99707031,1,1,60);
    AddStaticVehicleEx(562,-455.29232788,1336.45715332,25.18566322,271.99694824,1,1,60);
    AddStaticVehicleEx(562,-455.28137207,1332.70043945,24.90252876,271.99401855,1,1,60);
    AddStaticVehicleEx(562,-455.50762939,1329.10253906,24.62289429,271.99401855,1,1,60);
    AddStaticVehicleEx(562,-455.82592773,1325.20593262,24.31742477,271.99401855,1,1,60);
    AddStaticVehicleEx(562,-456.07092285,1321.14477539,24.00215721,271.99401855,1,1,60);
    AddStaticVehicleEx(562,-456.50308228,1316.51086426,23.63696480,271.99401855,1,1,60);
    AddStaticVehicleEx(562,-456.76058960,1311.20825195,23.25213051,271.99401855,1,1,60);
    AddStaticVehicleEx(562,-424.45312500,1298.10937500,25.67021179,11.99157715,1,1,60);
    AddStaticVehicleEx(562,-432.95446777,1297.16528320,25.49069023,11.99157715,1,1,60);
    AddStaticVehicleEx(562,-437.40432739,1295.89453125,25.41618729,11.99157715,1,1,60);
    AddStaticVehicleEx(562,-442.26470947,1299.53881836,24.88830185,335.99157715,1,1,60);
    AddStaticVehicleEx(562,-444.66378784,1302.38232422,24.50683022,335.98937988,1,1,60);
    AddStaticVehicleEx(562,-447.43368530,1305.16894531,24.09152031,335.98937988,1,1,60);
    AddStaticVehicleEx(562,-450.24340820,1307.98608398,23.71722794,335.98937988,1,1,60);
    AddStaticVehicle(562,2104.2485,2422.4631,49.1824,270.3288,1,1);
    AddStaticVehicle(562,2104.3735,2416.7166,49.1828,271.2556,1,1);
    AddStaticVehicle(562,2104.6082,2410.6836,49.1836,270.2517,1,1);
    AddStaticVehicle(562,2103.9849,2404.7422,49.1829,270.4945,1,1);
    AddStaticVehicle(562,2103.9673,2398.9736,49.1820,270.4773,1,1);
    AddStaticVehicle(562,2268.7878,1975.1906,31.4379,359.7151,1,1);
    AddStaticVehicle(562,2272.6660,1974.9321,31.4395,1.6320,1,1);
    AddStaticVehicle(562,2276.1677,1974.8804,31.4399,359.8372,1,1);
    AddStaticVehicle(562,2279.9460,1975.1279,31.4393,359.0404,1,1);
    AddStaticVehicle(562,2283.7458,1975.2472,31.4389,358.8900,1,1);
    AddStaticVehicle(562,2798.0837,-1427.9248,39.7219,179.2008,1,1);
    AddStaticVehicle(562,2801.7324,-1427.7897,39.7209,180.0003,1,1);
    AddStaticVehicle(562,2805.0310,-1427.6401,39.7179,181.8637,1,1);
    AddStaticVehicle(562,2807.9714,-1427.7429,39.7134,181.7153,1,1);
    AddStaticVehicle(562,2811.3840,-1427.6312,39.7221,180.0248,1,1);
    AddStaticVehicle(562,-2264.8582,534.1262,34.6758,359.9136,1,1);
    AddStaticVehicle(562,-2260.9539,533.6280,34.6754,359.3632,1,1);
    AddStaticVehicle(562,-2257.4407,533.9837,34.7011,0.5201,1,1);
    AddStaticVehicle(562,-2252.9788,533.4949,34.7624,357.7079,1,1);
    AddStaticVehicle(562,-2249.1799,533.2593,34.7819,357.3278,1,1);
    AddStaticVehicle(562,-2407.7070,1184.9102,34.6738,260.8482,1,1);
    AddStaticVehicle(562,-2408.0808,1180.6548,34.6752,258.6175,1,1);
    AddStaticVehicle(562,-2408.4731,1177.1558,34.6748,261.4386,1,1);
    AddStaticVehicle(562,-2409.1643,1173.6700,34.6750,261.0115,1,1);
    AddStaticVehicle(562,-2409.1626,1169.8452,34.7535,261.1517,1,1);
    AddStaticVehicle(562,-2131.4844,908.1475,79.6291,333.4617,1,1);
    AddStaticVehicle(562,-2131.8789,927.1174,79.6321,209.5906,1,1);
    AddStaticVehicle(562,-2131.2581,931.7420,79.6312,225.3889,1,1);
    AddStaticVehicle(562,-2131.5269,903.8685,79.6307,318.7824,1,1);
    AddStaticVehicle(562,2399.6833,-597.8484,120.6645,41.1938,1,1);
    AddStaticVehicle(562,2402.4436,-594.8328,119.8672,34.3593,1,1);
    AddStaticVehicle(562,2405.7446,-593.1733,119.1468,26.2232,1,1);
    AddStaticVehicle(562,2408.9744,-591.5346,118.3950,21.3571,1,1);
    AddStaticVehicle(562,2411.7998,-590.8849,117.8443,14.7797,1,1);
    AddStaticVehicle(562,-2124.2683,-769.5707,31.6830,269.8491,1,1); // 1
    AddStaticVehicle(562,-2124.3337,-766.6630,31.6831,269.5469,1,1); // 2
    AddStaticVehicle(562,-2124.3508,-763.5153,31.6836,269.3252,1,1); // 3
    AddStaticVehicle(562,-2124.3555,-760.5950,31.6830,268.5293,1,1); // 4
    AddStaticVehicle(562,-2124.4165,-757.5662,31.6825,270.0905,1,1); // 5
    AddStaticVehicle(562,1218.0255,1124.4521,6.4485,51.1920,1,1); // 1
    AddStaticVehicle(562,1217.0479,1129.8347,6.4481,54.1778,1,1); // 2
    AddStaticVehicle(562,1217.6584,1134.1833,6.4472,50.9387,1,1); // 3
    AddStaticVehicle(562,1217.3229,1139.6244,6.4477,48.3310,1,1); // 4
    AddStaticVehicle(562,1217.0317,1145.4344,6.4466,50.5665,1,1); // 5